date,weekday,sekki,rank,season,season_pt,seasonal_idx,weekday_idx,visitor_idx,kf1,kf2,kf3,mp_point,predicted_sales,predicted_count,actual_sales,actual_count
2023-04-01,土,春分,17,LOW SEASON,2.33,2.0,5.0,2.0,3.0,2.48,3.41,2.96,0,0,0,0
2023-04-02,日,春分,17,LOW SEASON,2.33,2.0,4.0,2.0,2.67,2.48,3.41,2.85,0,0,0,0
2023-04-03,月,春分,17,LOW SEASON,2.33,2.0,2.0,2.0,2.0,2.48,3.41,2.63,0,0,0,0
2023-04-04,火,春分,17,LOW SEASON,2.33,2.0,2.0,2.0,2.0,2.48,3.41,2.63,0,0,0,0
2023-04-05,水,清明,24,OFF SEASON,1.17,2.0,2.0,2.0,2.0,2.48,3.41,2.63,0,0,0,0
2023-04-06,木,清明,24,OFF SEASON,1.17,2.0,3.0,2.0,2.33,2.48,3.41,2.74,0,0,0,0
2023-04-07,金,清明,24,OFF SEASON,1.17,2.0,4.0,2.0,2.67,2.48,3.41,2.85,0,0,0,0
2023-04-08,土,清明,24,OFF SEASON,1.17,2.0,5.0,2.0,3.0,2.48,3.41,2.96,0,0,0,0
2023-04-09,日,清明,24,OFF SEASON,1.17,2.0,4.0,2.0,2.67,2.48,3.41,2.85,0,0,0,0
2023-04-10,月,清明,24,OFF SEASON,1.17,2.0,2.0,2.0,2.0,2.48,3.41,2.63,0,0,0,0
2023-04-11,火,清明,24,OFF SEASON,1.17,2.0,2.0,2.0,2.0,2.48,3.41,2.63,0,0,0,0
2023-04-12,水,清明,24,OFF SEASON,1.17,2.0,2.0,2.0,2.0,2.48,3.41,2.63,0,0,0,0
2023-04-13,木,清明,24,OFF SEASON,1.17,2.0,3.0,2.0,2.33,2.48,3.41,2.74,0,0,0,0
2023-04-14,金,清明,24,OFF SEASON,1.17,2.0,4.0,2.0,2.67,2.48,3.41,2.85,0,0,0,0
2023-04-15,土,清明,24,OFF SEASON,1.17,2.0,5.0,2.0,3.0,2.48,3.41,2.96,0,0,0,0
2023-04-16,日,清明,24,OFF SEASON,1.17,2.0,4.0,2.0,2.67,2.48,3.41,2.85,0,0,0,0
2023-04-17,月,清明,24,OFF SEASON,1.17,2.0,2.0,2.0,2.0,2.48,3.41,2.63,0,0,0,0
2023-04-18,火,清明,24,OFF SEASON,1.17,2.0,2.0,2.0,2.0,2.48,3.41,2.63,0,0,0,0
2023-04-19,水,清明,24,OFF SEASON,1.17,2.0,2.0,2.0,2.0,2.48,3.41,2.63,0,0,0,0
2023-04-20,木,穀雨,18,LOW SEASON,2.17,2.0,3.0,2.0,2.33,2.48,3.41,2.74,0,0,0,0
2023-04-21,金,穀雨,18,LOW SEASON,2.17,2.0,4.0,2.0,2.67,2.48,3.41,2.85,0,0,0,0
2023-04-22,土,穀雨,18,LOW SEASON,2.17,2.0,5.0,2.0,3.0,2.48,3.41,2.96,0,0,0,0
2023-04-23,日,穀雨,18,LOW SEASON,2.17,2.0,4.0,2.0,2.67,2.48,3.41,2.85,0,0,0,0
2023-04-24,月,穀雨,18,LOW SEASON,2.17,2.0,2.0,2.0,2.0,2.48,3.41,2.63,0,0,0,0
2023-04-25,火,穀雨,18,LOW SEASON,2.17,2.0,2.0,2.0,2.0,2.48,3.41,2.63,0,0,0,0
2023-04-26,水,穀雨,18,LOW SEASON,2.17,2.0,2.0,2.0,2.0,2.48,3.41,2.63,0,0,0,0
2023-04-27,木,穀雨,18,LOW SEASON,2.17,2.0,3.0,2.0,2.33,2.48,3.41,2.74,0,0,0,0
2023-04-28,金,穀雨,18,LOW SEASON,2.17,2.0,4.0,2.0,2.67,2.48,3.41,2.85,0,0,0,0
2023-04-29,土,穀雨,18,LOW SEASON,2.17,2.0,5.0,2.0,3.0,2.48,3.41,2.96,0,0,0,0
2023-04-30,日,穀雨,18,LOW SEASON,2.17,2.0,4.0,2.0,2.67,2.48,3.41,2.85,0,0,0,0
2023-05-01,月,穀雨,18,LOW SEASON,2.17,3.0,2.0,3.0,2.67,2.48,3.41,2.85,0,0,0,0
2023-05-02,火,穀雨,18,LOW SEASON,2.17,3.0,2.0,3.0,2.67,2.48,3.41,2.85,0,0,0,0
2023-05-03,水,穀雨,18,LOW SEASON,2.17,3.0,2.0,3.0,2.67,2.48,3.41,2.85,0,0,0,0
2023-05-04,木,穀雨,18,LOW SEASON,2.17,3.0,3.0,3.0,3.0,2.48,3.41,2.96,0,0,0,0
2023-05-05,金,穀雨,18,LOW SEASON,2.17,3.0,4.0,3.0,3.33,2.48,3.41,3.07,0,0,0,0
2023-05-06,土,立夏,13,FLOW SEASON,3.0,3.0,5.0,3.0,3.67,2.48,3.41,3.19,0,0,0,0
2023-05-07,日,立夏,13,FLOW SEASON,3.0,3.0,4.0,3.0,3.33,2.48,3.41,3.07,0,0,0,0
2023-05-08,月,立夏,13,FLOW SEASON,3.0,3.0,2.0,3.0,2.67,2.48,3.41,2.85,0,0,0,0
2023-05-09,火,立夏,13,FLOW SEASON,3.0,3.0,2.0,3.0,2.67,2.48,3.41,2.85,0,0,0,0
2023-05-10,水,立夏,13,FLOW SEASON,3.0,3.0,2.0,3.0,2.67,2.48,3.41,2.85,0,0,0,0
2023-05-11,木,立夏,13,FLOW SEASON,3.0,3.0,3.0,3.0,3.0,2.48,3.41,2.96,0,0,0,0
2023-05-12,金,立夏,13,FLOW SEASON,3.0,3.0,4.0,3.0,3.33,2.48,3.41,3.07,0,0,0,0
2023-05-13,土,立夏,13,FLOW SEASON,3.0,3.0,5.0,3.0,3.67,2.48,3.41,3.19,0,0,0,0
2023-05-14,日,立夏,13,FLOW SEASON,3.0,3.0,4.0,3.0,3.33,2.48,3.41,3.07,0,0,0,0
2023-05-15,月,立夏,13,FLOW SEASON,3.0,3.0,2.0,3.0,2.67,2.48,3.41,2.85,0,0,0,0
2023-05-16,火,立夏,13,FLOW SEASON,3.0,3.0,2.0,3.0,2.67,2.48,3.41,2.85,0,0,0,0
2023-05-17,水,立夏,13,FLOW SEASON,3.0,3.0,2.0,3.0,2.67,2.48,3.41,2.85,0,0,0,0
2023-05-18,木,立夏,13,FLOW SEASON,3.0,3.0,3.0,3.0,3.0,2.48,3.41,2.96,0,0,0,0
2023-05-19,金,立夏,13,FLOW SEASON,3.0,3.0,4.0,3.0,3.33,2.48,3.41,3.07,0,0,0,0
2023-05-20,土,立夏,13,FLOW SEASON,3.0,3.0,5.0,3.0,3.67,2.48,3.41,3.19,0,0,0,0
2023-05-21,日,小満,14,FLOW SEASON,2.83,3.0,4.0,3.0,3.33,2.48,3.41,3.07,0,0,0,0
2023-05-22,月,小満,14,FLOW SEASON,2.83,3.0,2.0,3.0,2.67,2.48,3.41,2.85,0,0,0,0
2023-05-23,火,小満,14,FLOW SEASON,2.83,3.0,2.0,3.0,2.67,2.48,3.41,2.85,0,0,0,0
2023-05-24,水,小満,14,FLOW SEASON,2.83,3.0,2.0,3.0,2.67,2.48,3.41,2.85,0,0,0,0
2023-05-25,木,小満,14,FLOW SEASON,2.83,3.0,3.0,3.0,3.0,2.48,3.41,2.96,0,0,0,0
2023-05-26,金,小満,14,FLOW SEASON,2.83,3.0,4.0,3.0,3.33,2.48,3.41,3.07,0,0,0,0
2023-05-27,土,小満,14,FLOW SEASON,2.83,3.0,5.0,3.0,3.67,2.48,3.41,3.19,0,0,0,0
2023-05-28,日,小満,14,FLOW SEASON,2.83,3.0,4.0,3.0,3.33,2.48,3.41,3.07,0,0,0,0
2023-05-29,月,小満,14,FLOW SEASON,2.83,3.0,2.0,3.0,2.67,2.48,3.41,2.85,0,0,0,0
2023-05-30,火,小満,14,FLOW SEASON,2.83,3.0,2.0,3.0,2.67,2.48,3.41,2.85,0,0,0,0
2023-05-31,水,小満,14,FLOW SEASON,2.83,3.0,2.0,3.0,2.67,2.48,3.41,2.85,0,0,0,0
2023-06-01,木,小満,14,FLOW SEASON,2.83,3.0,3.0,3.0,3.0,2.48,3.41,2.96,0,0,0,0
2023-06-02,金,小満,14,FLOW SEASON,2.83,3.0,4.0,3.0,3.33,2.48,3.41,3.07,0,0,0,0
2023-06-03,土,小満,14,FLOW SEASON,2.83,3.0,5.0,3.0,3.67,2.48,3.41,3.19,0,0,0,0
2023-06-04,日,小満,14,FLOW SEASON,2.83,3.0,4.0,3.0,3.33,2.48,3.41,3.07,0,0,0,0
2023-06-05,月,小満,14,FLOW SEASON,2.83,3.0,2.0,3.0,2.67,2.48,3.41,2.85,0,0,0,0
2023-06-06,火,芒種,10,HIGH SEASON,3.5,3.0,2.0,3.0,2.67,2.48,3.41,2.85,0,0,0,0
2023-06-07,水,芒種,10,HIGH SEASON,3.5,3.0,2.0,3.0,2.67,2.48,3.41,2.85,0,0,0,0
2023-06-08,木,芒種,10,HIGH SEASON,3.5,3.0,3.0,3.0,3.0,2.48,3.41,2.96,0,0,0,0
2023-06-09,金,芒種,10,HIGH SEASON,3.5,3.0,4.0,3.0,3.33,2.48,3.41,3.07,0,0,0,0
2023-06-10,土,芒種,10,HIGH SEASON,3.5,3.0,5.0,3.0,3.67,2.48,3.41,3.19,0,0,0,0
2023-06-11,日,芒種,10,HIGH SEASON,3.5,3.0,4.0,3.0,3.33,2.48,3.41,3.07,0,0,0,0
2023-06-12,月,芒種,10,HIGH SEASON,3.5,3.0,2.0,3.0,2.67,2.48,3.41,2.85,0,0,0,0
2023-06-13,火,芒種,10,HIGH SEASON,3.5,3.0,2.0,3.0,2.67,2.48,3.41,2.85,0,0,0,0
2023-06-14,水,芒種,10,HIGH SEASON,3.5,3.0,2.0,3.0,2.67,2.48,3.41,2.85,0,0,0,0
2023-06-15,木,芒種,10,HIGH SEASON,3.5,3.0,3.0,3.0,3.0,2.48,3.41,2.96,0,0,0,0
2023-06-16,金,芒種,10,HIGH SEASON,3.5,3.0,4.0,3.0,3.33,2.48,3.41,3.07,0,0,0,0
2023-06-17,土,芒種,10,HIGH SEASON,3.5,3.0,5.0,3.0,3.67,2.48,3.41,3.19,0,0,0,0
2023-06-18,日,芒種,10,HIGH SEASON,3.5,3.0,4.0,3.0,3.33,2.48,3.41,3.07,0,0,0,0
2023-06-19,月,芒種,10,HIGH SEASON,3.5,3.0,2.0,3.0,2.67,2.48,3.41,2.85,0,0,0,0
2023-06-20,火,芒種,10,HIGH SEASON,3.5,3.0,2.0,3.0,2.67,2.48,3.41,2.85,0,0,0,0
2023-06-21,水,夏至,7,HIGH SEASON,4.0,3.0,2.0,3.0,2.67,2.48,3.41,2.85,0,0,0,0
2023-06-22,木,夏至,7,HIGH SEASON,4.0,3.0,3.0,3.0,3.0,2.48,3.41,2.96,0,0,0,0
2023-06-23,金,夏至,7,HIGH SEASON,4.0,3.0,4.0,3.0,3.33,2.48,3.41,3.07,0,0,0,0
2023-06-24,土,夏至,7,HIGH SEASON,4.0,3.0,5.0,3.0,3.67,2.48,3.41,3.19,0,0,0,0
2023-06-25,日,夏至,7,HIGH SEASON,4.0,3.0,4.0,3.0,3.33,2.48,3.41,3.07,0,0,0,0
2023-06-26,月,夏至,7,HIGH SEASON,4.0,3.0,2.0,3.0,2.67,2.48,3.41,2.85,0,0,0,0
2023-06-27,火,夏至,7,HIGH SEASON,4.0,3.0,2.0,3.0,2.67,2.48,3.41,2.85,0,0,0,0
2023-06-28,水,夏至,7,HIGH SEASON,4.0,3.0,2.0,3.0,2.67,2.48,3.41,2.85,0,0,0,0
2023-06-29,木,夏至,7,HIGH SEASON,4.0,3.0,3.0,3.0,3.0,2.48,3.41,2.96,0,0,0,0
2023-06-30,金,夏至,7,HIGH SEASON,4.0,3.0,4.0,3.0,3.33,2.48,3.41,3.07,0,0,0,0
2023-07-01,土,夏至,7,HIGH SEASON,4.0,4.0,5.0,4.0,4.33,2.48,3.41,3.41,0,0,0,0
2023-07-02,日,夏至,7,HIGH SEASON,4.0,4.0,4.0,4.0,4.0,2.48,3.41,3.3,0,0,0,0
2023-07-03,月,夏至,7,HIGH SEASON,4.0,4.0,2.0,4.0,3.33,2.48,3.41,3.07,0,0,0,0
2023-07-04,火,夏至,7,HIGH SEASON,4.0,4.0,2.0,4.0,3.33,2.48,3.41,3.07,0,0,0,0
2023-07-05,水,夏至,7,HIGH SEASON,4.0,4.0,2.0,4.0,3.33,2.48,3.41,3.07,0,0,0,0
2023-07-06,木,夏至,7,HIGH SEASON,4.0,4.0,3.0,4.0,3.67,2.48,3.41,3.19,0,0,0,0
2023-07-07,金,小暑,4,TOP SEASON,4.5,4.0,4.0,4.0,4.0,2.48,3.41,3.3,0,0,0,0
2023-07-08,土,小暑,4,TOP SEASON,4.5,4.0,5.0,4.0,4.33,2.48,3.41,3.41,0,0,0,0
2023-07-09,日,小暑,4,TOP SEASON,4.5,4.0,4.0,4.0,4.0,2.48,3.41,3.3,0,0,0,0
2023-07-10,月,小暑,4,TOP SEASON,4.5,4.0,2.0,4.0,3.33,2.48,3.41,3.07,0,0,0,0
2023-07-11,火,小暑,4,TOP SEASON,4.5,4.0,2.0,4.0,3.33,2.48,3.41,3.07,0,0,0,0
2023-07-12,水,小暑,4,TOP SEASON,4.5,4.0,2.0,4.0,3.33,2.48,3.41,3.07,0,0,0,0
2023-07-13,木,小暑,4,TOP SEASON,4.5,4.0,3.0,4.0,3.67,2.48,3.41,3.19,0,0,0,0
2023-07-14,金,小暑,4,TOP SEASON,4.5,4.0,4.0,4.0,4.0,2.48,3.41,3.3,0,0,0,0
2023-07-15,土,小暑,4,TOP SEASON,4.5,4.0,5.0,4.0,4.33,2.48,3.41,3.41,0,0,0,0
2023-07-16,日,小暑,4,TOP SEASON,4.5,4.0,4.0,4.0,4.0,2.48,3.41,3.3,0,0,0,0
2023-07-17,月,小暑,4,TOP SEASON,4.5,4.0,2.0,4.0,3.33,2.48,3.41,3.07,0,0,0,0
2023-07-18,火,小暑,4,TOP SEASON,4.5,4.0,2.0,4.0,3.33,2.48,3.41,3.07,0,0,0,0
2023-07-19,水,小暑,4,TOP SEASON,4.5,4.0,2.0,4.0,3.33,2.48,3.41,3.07,0,0,0,0
2023-07-20,木,小暑,4,TOP SEASON,4.5,4.0,3.0,4.0,3.67,2.48,3.41,3.19,0,0,0,0
2023-07-21,金,小暑,4,TOP SEASON,4.5,4.0,4.0,4.0,4.0,2.48,3.41,3.3,0,0,0,0
2023-07-22,土,小暑,4,TOP SEASON,4.5,4.0,5.0,4.0,4.33,2.48,3.41,3.41,0,0,0,0
2023-07-23,日,大暑,9,HIGH SEASON,3.67,4.0,4.0,4.0,4.0,2.48,3.41,3.3,0,0,0,0
2023-07-24,月,大暑,9,HIGH SEASON,3.67,4.0,2.0,4.0,3.33,2.48,3.41,3.07,0,0,0,0
2023-07-25,火,大暑,9,HIGH SEASON,3.67,4.0,2.0,4.0,3.33,2.48,3.41,3.07,0,0,0,0
2023-07-26,水,大暑,9,HIGH SEASON,3.67,4.0,2.0,4.0,3.33,2.48,3.41,3.07,0,0,0,0
2023-07-27,木,大暑,9,HIGH SEASON,3.67,4.0,3.0,4.0,3.67,2.48,3.41,3.19,0,0,0,0
2023-07-28,金,大暑,9,HIGH SEASON,3.67,4.0,4.0,4.0,4.0,2.48,3.41,3.3,0,0,0,0
2023-07-29,土,大暑,9,HIGH SEASON,3.67,4.0,5.0,4.0,4.33,2.48,3.41,3.41,0,0,0,0
2023-07-30,日,大暑,9,HIGH SEASON,3.67,4.0,4.0,4.0,4.0,2.48,3.41,3.3,0,0,0,0
2023-07-31,月,大暑,9,HIGH SEASON,3.67,4.0,2.0,4.0,3.33,2.48,3.41,3.07,0,0,0,0
2023-08-01,火,大暑,9,HIGH SEASON,3.67,4.0,2.0,4.0,3.33,2.48,3.41,3.07,0,0,0,0
2023-08-02,水,大暑,9,HIGH SEASON,3.67,4.0,2.0,4.0,3.33,2.48,3.41,3.07,0,0,0,0
2023-08-03,木,大暑,9,HIGH SEASON,3.67,4.0,3.0,4.0,3.67,2.48,3.41,3.19,0,0,0,0
2023-08-04,金,大暑,9,HIGH SEASON,3.67,4.0,4.0,4.0,4.0,2.48,3.41,3.3,0,0,0,0
2023-08-05,土,大暑,9,HIGH SEASON,3.67,4.0,5.0,4.0,4.33,2.48,3.41,3.41,0,0,0,0
2023-08-06,日,大暑,9,HIGH SEASON,3.67,4.0,4.0,4.0,4.0,2.48,3.41,3.3,0,0,0,0
2023-08-07,月,大暑,9,HIGH SEASON,3.67,4.0,2.0,4.0,3.33,2.48,3.41,3.07,0,0,0,0
2023-08-08,火,立秋,2,TOP SEASON,4.83,4.0,2.0,4.0,3.33,2.48,3.41,3.07,0,0,0,0
2023-08-09,水,立秋,2,TOP SEASON,4.83,4.0,2.0,4.0,3.33,2.48,3.41,3.07,0,0,0,0
2023-08-10,木,立秋,2,TOP SEASON,4.83,4.0,3.0,4.0,3.67,2.48,3.41,3.19,0,0,0,0
2023-08-11,金,立秋,2,TOP SEASON,4.83,4.0,4.0,4.0,4.0,2.48,3.41,3.3,0,0,0,0
2023-08-12,土,立秋,2,TOP SEASON,4.83,4.0,5.0,4.0,4.33,2.48,3.41,3.41,0,0,0,0
2023-08-13,日,立秋,2,TOP SEASON,4.83,4.0,4.0,4.0,4.0,2.48,3.41,3.3,0,0,0,0
2023-08-14,月,立秋,2,TOP SEASON,4.83,4.0,2.0,4.0,3.33,2.48,3.41,3.07,0,0,0,0
2023-08-15,火,立秋,2,TOP SEASON,4.83,4.0,2.0,4.0,3.33,2.48,3.41,3.07,0,0,0,0
2023-08-16,水,立秋,2,TOP SEASON,4.83,4.0,2.0,4.0,3.33,2.48,3.41,3.07,0,0,0,0
2023-08-17,木,立秋,2,TOP SEASON,4.83,4.0,3.0,4.0,3.67,2.48,3.41,3.19,0,0,0,0
2023-08-18,金,立秋,2,TOP SEASON,4.83,4.0,4.0,4.0,4.0,2.48,3.41,3.3,0,0,0,0
2023-08-19,土,立秋,2,TOP SEASON,4.83,4.0,5.0,4.0,4.33,2.48,3.41,3.41,0,0,0,0
2023-08-20,日,立秋,2,TOP SEASON,4.83,4.0,4.0,4.0,4.0,2.48,3.41,3.3,0,0,0,0
2023-08-21,月,立秋,2,TOP SEASON,4.83,4.0,2.0,4.0,3.33,2.48,3.41,3.07,0,0,0,0
2023-08-22,火,立秋,2,TOP SEASON,4.83,4.0,2.0,4.0,3.33,2.48,3.41,3.07,0,0,0,0
2023-08-23,水,処暑,5,TOP SEASON,4.33,4.0,2.0,4.0,3.33,2.48,3.41,3.07,0,0,0,0
2023-08-24,木,処暑,5,TOP SEASON,4.33,4.0,3.0,4.0,3.67,2.48,3.41,3.19,0,0,0,0
2023-08-25,金,処暑,5,TOP SEASON,4.33,4.0,4.0,4.0,4.0,2.48,3.41,3.3,0,0,0,0
2023-08-26,土,処暑,5,TOP SEASON,4.33,4.0,5.0,4.0,4.33,2.48,3.41,3.41,0,0,0,0
2023-08-27,日,処暑,5,TOP SEASON,4.33,4.0,4.0,4.0,4.0,2.48,3.41,3.3,0,0,0,0
2023-08-28,月,処暑,5,TOP SEASON,4.33,4.0,2.0,4.0,3.33,2.48,3.41,3.07,0,0,0,0
2023-08-29,火,処暑,5,TOP SEASON,4.33,4.0,2.0,4.0,3.33,2.48,3.41,3.07,0,0,0,0
2023-08-30,水,処暑,5,TOP SEASON,4.33,4.0,2.0,4.0,3.33,2.48,3.41,3.07,0,0,0,0
2023-08-31,木,処暑,5,TOP SEASON,4.33,4.0,3.0,4.0,3.67,2.48,3.41,3.19,0,0,0,0
2023-09-01,金,処暑,5,TOP SEASON,4.33,4.0,4.0,4.0,4.0,2.48,3.41,3.3,0,0,0,0
2023-09-02,土,処暑,5,TOP SEASON,4.33,4.0,5.0,4.0,4.33,2.48,3.41,3.41,0,0,0,0
2023-09-03,日,処暑,5,TOP SEASON,4.33,4.0,4.0,4.0,4.0,2.48,3.41,3.3,0,0,0,0
2023-09-04,月,処暑,5,TOP SEASON,4.33,4.0,2.0,4.0,3.33,2.48,3.41,3.07,0,0,0,0
2023-09-05,火,処暑,5,TOP SEASON,4.33,4.0,2.0,4.0,3.33,2.48,3.41,3.07,0,0,0,0
2023-09-06,水,処暑,5,TOP SEASON,4.33,4.0,2.0,4.0,3.33,2.48,3.41,3.07,0,0,0,0
2023-09-07,木,処暑,5,TOP SEASON,4.33,4.0,3.0,4.0,3.67,2.48,3.41,3.19,0,0,0,0
2023-09-08,金,白露,1,TOP SEASON,5.0,4.0,4.0,4.0,4.0,2.48,3.41,3.3,0,0,0,0
2023-09-09,土,白露,1,TOP SEASON,5.0,4.0,5.0,4.0,4.33,2.48,3.41,3.41,0,0,0,0
2023-09-10,日,白露,1,TOP SEASON,5.0,4.0,4.0,4.0,4.0,2.48,3.41,3.3,0,0,0,0
2023-09-11,月,白露,1,TOP SEASON,5.0,4.0,2.0,4.0,3.33,2.48,3.41,3.07,0,0,0,0
2023-09-12,火,白露,1,TOP SEASON,5.0,4.0,2.0,4.0,3.33,2.48,3.41,3.07,0,0,0,0
2023-09-13,水,白露,1,TOP SEASON,5.0,4.0,2.0,4.0,3.33,2.48,3.41,3.07,0,0,0,0
2023-09-14,木,白露,1,TOP SEASON,5.0,4.0,3.0,4.0,3.67,2.48,3.41,3.19,0,0,0,0
2023-09-15,金,白露,1,TOP SEASON,5.0,4.0,4.0,4.0,4.0,2.48,3.41,3.3,0,0,0,0
2023-09-16,土,白露,1,TOP SEASON,5.0,4.0,5.0,4.0,4.33,2.48,3.41,3.41,0,0,0,0
2023-09-17,日,白露,1,TOP SEASON,5.0,4.0,4.0,4.0,4.0,2.48,3.41,3.3,0,0,0,0
2023-09-18,月,白露,1,TOP SEASON,5.0,4.0,2.0,4.0,3.33,2.48,3.41,3.07,0,0,0,0
2023-09-19,火,白露,1,TOP SEASON,5.0,4.0,2.0,4.0,3.33,2.48,3.41,3.07,0,0,0,0
2023-09-20,水,白露,1,TOP SEASON,5.0,4.0,2.0,4.0,3.33,2.48,3.41,3.07,0,0,0,0
2023-09-21,木,白露,1,TOP SEASON,5.0,4.0,3.0,4.0,3.67,2.48,3.41,3.19,0,0,0,0
2023-09-22,金,白露,1,TOP SEASON,5.0,4.0,4.0,4.0,4.0,2.48,3.41,3.3,0,0,0,0
2023-09-23,土,秋分,8,HIGH SEASON,3.83,4.0,5.0,4.0,4.33,2.48,3.41,3.41,0,0,0,0
2023-09-24,日,秋分,8,HIGH SEASON,3.83,4.0,4.0,4.0,4.0,2.48,3.41,3.3,0,0,0,0
2023-09-25,月,秋分,8,HIGH SEASON,3.83,4.0,2.0,4.0,3.33,2.48,3.41,3.07,0,0,0,0
2023-09-26,火,秋分,8,HIGH SEASON,3.83,4.0,2.0,4.0,3.33,2.48,3.41,3.07,0,0,0,0
2023-09-27,水,秋分,8,HIGH SEASON,3.83,4.0,2.0,4.0,3.33,2.48,3.41,3.07,0,0,0,0
2023-09-28,木,秋分,8,HIGH SEASON,3.83,4.0,3.0,4.0,3.67,2.48,3.41,3.19,0,0,0,0
2023-09-29,金,秋分,8,HIGH SEASON,3.83,4.0,4.0,4.0,4.0,2.48,3.41,3.3,0,0,0,0
2023-09-30,土,秋分,8,HIGH SEASON,3.83,4.0,5.0,4.0,4.33,2.48,3.41,3.41,0,0,0,0
2023-10-01,日,秋分,8,HIGH SEASON,3.83,4.0,4.0,4.0,4.0,2.48,3.41,3.3,0,0,0,0
2023-10-02,月,秋分,8,HIGH SEASON,3.83,4.0,2.0,4.0,3.33,2.48,3.41,3.07,0,0,0,0
2023-10-03,火,秋分,8,HIGH SEASON,3.83,4.0,2.0,4.0,3.33,2.48,3.41,3.07,0,0,0,0
2023-10-04,水,秋分,8,HIGH SEASON,3.83,4.0,2.0,4.0,3.33,2.48,3.41,3.07,0,0,0,0
2023-10-05,木,秋分,8,HIGH SEASON,3.83,4.0,3.0,4.0,3.67,2.48,3.41,3.19,0,0,0,0
2023-10-06,金,秋分,8,HIGH SEASON,3.83,4.0,4.0,4.0,4.0,2.48,3.41,3.3,0,0,0,0
2023-10-07,土,秋分,8,HIGH SEASON,3.83,4.0,5.0,4.0,4.33,2.48,3.41,3.41,0,0,0,0
2023-10-08,日,寒露,11,FLOW SEASON,3.33,4.0,4.0,4.0,4.0,2.48,3.41,3.3,0,0,0,0
2023-10-09,月,寒露,11,FLOW SEASON,3.33,4.0,2.0,4.0,3.33,2.48,3.41,3.07,0,0,0,0
2023-10-10,火,寒露,11,FLOW SEASON,3.33,4.0,2.0,4.0,3.33,2.48,3.41,3.07,0,0,0,0
2023-10-11,水,寒露,11,FLOW SEASON,3.33,4.0,2.0,4.0,3.33,2.48,3.41,3.07,0,0,0,0
2023-10-12,木,寒露,11,FLOW SEASON,3.33,4.0,3.0,4.0,3.67,2.48,3.41,3.19,0,0,0,0
2023-10-13,金,寒露,11,FLOW SEASON,3.33,4.0,4.0,4.0,4.0,2.48,3.41,3.3,0,0,0,0
2023-10-14,土,寒露,11,FLOW SEASON,3.33,4.0,5.0,4.0,4.33,2.48,3.41,3.41,0,0,0,0
2023-10-15,日,寒露,11,FLOW SEASON,3.33,4.0,4.0,4.0,4.0,2.48,3.41,3.3,0,0,0,0
2023-10-16,月,寒露,11,FLOW SEASON,3.33,4.0,2.0,4.0,3.33,2.48,3.41,3.07,0,0,0,0
2023-10-17,火,寒露,11,FLOW SEASON,3.33,4.0,2.0,4.0,3.33,2.48,3.41,3.07,0,0,0,0
2023-10-18,水,寒露,11,FLOW SEASON,3.33,4.0,2.0,4.0,3.33,2.48,3.41,3.07,0,0,0,0
2023-10-19,木,寒露,11,FLOW SEASON,3.33,4.0,3.0,4.0,3.67,2.48,3.41,3.19,0,0,0,0
2023-10-20,金,寒露,11,FLOW SEASON,3.33,4.0,4.0,4.0,4.0,2.48,3.41,3.3,0,0,0,0
2023-10-21,土,寒露,11,FLOW SEASON,3.33,4.0,5.0,4.0,4.33,2.48,3.41,3.41,0,0,0,0
2023-10-22,日,寒露,11,FLOW SEASON,3.33,4.0,4.0,4.0,4.0,2.48,3.41,3.3,0,0,0,0
2023-10-23,月,寒露,11,FLOW SEASON,3.33,4.0,2.0,4.0,3.33,2.48,3.41,3.07,0,0,0,0
2023-10-24,火,霜降,15,FLOW SEASON,2.67,4.0,2.0,4.0,3.33,2.48,3.41,3.07,0,0,0,0
2023-10-25,水,霜降,15,FLOW SEASON,2.67,4.0,2.0,4.0,3.33,2.48,3.41,3.07,0,0,0,0
2023-10-26,木,霜降,15,FLOW SEASON,2.67,4.0,3.0,4.0,3.67,2.48,3.41,3.19,0,0,0,0
2023-10-27,金,霜降,15,FLOW SEASON,2.67,4.0,4.0,4.0,4.0,2.48,3.41,3.3,0,0,0,0
2023-10-28,土,霜降,15,FLOW SEASON,2.67,4.0,5.0,4.0,4.33,2.48,3.41,3.41,0,0,0,0
2023-10-29,日,霜降,15,FLOW SEASON,2.67,4.0,4.0,4.0,4.0,2.48,3.41,3.3,0,0,0,0
2023-10-30,月,霜降,15,FLOW SEASON,2.67,4.0,2.0,4.0,3.33,2.48,3.41,3.07,0,0,0,0
2023-10-31,火,霜降,15,FLOW SEASON,2.67,4.0,2.0,4.0,3.33,2.48,3.41,3.07,0,0,0,0
2023-11-01,水,霜降,15,FLOW SEASON,2.67,3.0,2.0,3.0,2.67,2.48,3.41,2.85,0,0,0,0
2023-11-02,木,霜降,15,FLOW SEASON,2.67,3.0,3.0,3.0,3.0,2.48,3.41,2.96,0,0,0,0
2023-11-03,金,霜降,15,FLOW SEASON,2.67,3.0,4.0,3.0,3.33,2.48,3.41,3.07,0,0,0,0
2023-11-04,土,霜降,15,FLOW SEASON,2.67,3.0,5.0,3.0,3.67,2.48,3.41,3.19,0,0,0,0
2023-11-05,日,霜降,15,FLOW SEASON,2.67,3.0,4.0,3.0,3.33,2.48,3.41,3.07,0,0,0,0
2023-11-06,月,霜降,15,FLOW SEASON,2.67,3.0,2.0,3.0,2.67,2.48,3.41,2.85,0,0,0,0
2023-11-07,火,霜降,15,FLOW SEASON,2.67,3.0,2.0,3.0,2.67,2.48,3.41,2.85,0,0,0,0
2023-11-08,水,立冬,23,OFF SEASON,1.33,3.0,2.0,3.0,2.67,2.48,3.41,2.85,0,0,0,0
2023-11-09,木,立冬,23,OFF SEASON,1.33,3.0,3.0,3.0,3.0,2.48,3.41,2.96,0,0,0,0
2023-11-10,金,立冬,23,OFF SEASON,1.33,3.0,4.0,3.0,3.33,2.48,3.41,3.07,0,0,0,0
2023-11-11,土,立冬,23,OFF SEASON,1.33,3.0,5.0,3.0,3.67,2.48,3.41,3.19,0,0,0,0
2023-11-12,日,立冬,23,OFF SEASON,1.33,3.0,4.0,3.0,3.33,2.48,3.41,3.07,0,0,0,0
2023-11-13,月,立冬,23,OFF SEASON,1.33,3.0,2.0,3.0,2.67,2.48,3.41,2.85,0,0,0,0
2023-11-14,火,立冬,23,OFF SEASON,1.33,3.0,2.0,3.0,2.67,2.48,3.41,2.85,0,0,0,0
2023-11-15,水,立冬,23,OFF SEASON,1.33,3.0,2.0,3.0,2.67,2.48,3.41,2.85,0,0,0,0
2023-11-16,木,立冬,23,OFF SEASON,1.33,3.0,3.0,3.0,3.0,2.48,3.41,2.96,0,0,0,0
2023-11-17,金,立冬,23,OFF SEASON,1.33,3.0,4.0,3.0,3.33,2.48,3.41,3.07,0,0,0,0
2023-11-18,土,立冬,23,OFF SEASON,1.33,3.0,5.0,3.0,3.67,2.48,3.41,3.19,0,0,0,0
2023-11-19,日,立冬,23,OFF SEASON,1.33,3.0,4.0,3.0,3.33,2.48,3.41,3.07,0,0,0,0
2023-11-20,月,立冬,23,OFF SEASON,1.33,3.0,2.0,3.0,2.67,2.48,3.41,2.85,0,0,0,0
2023-11-21,火,立冬,23,OFF SEASON,1.33,3.0,2.0,3.0,2.67,2.48,3.41,2.85,0,0,0,0
2023-11-22,水,小雪,19,LOW SEASON,2.0,3.0,2.0,3.0,2.67,2.48,3.41,2.85,0,0,0,0
2023-11-23,木,小雪,19,LOW SEASON,2.0,3.0,3.0,3.0,3.0,2.48,3.41,2.96,0,0,0,0
2023-11-24,金,小雪,19,LOW SEASON,2.0,3.0,4.0,3.0,3.33,2.48,3.41,3.07,0,0,0,0
2023-11-25,土,小雪,19,LOW SEASON,2.0,3.0,5.0,3.0,3.67,2.48,3.41,3.19,0,0,0,0
2023-11-26,日,小雪,19,LOW SEASON,2.0,3.0,4.0,3.0,3.33,2.48,3.41,3.07,0,0,0,0
2023-11-27,月,小雪,19,LOW SEASON,2.0,3.0,2.0,3.0,2.67,2.48,3.41,2.85,0,0,0,0
2023-11-28,火,小雪,19,LOW SEASON,2.0,3.0,2.0,3.0,2.67,2.48,3.41,2.85,0,0,0,0
2023-11-29,水,小雪,19,LOW SEASON,2.0,3.0,2.0,3.0,2.67,2.48,3.41,2.85,0,0,0,0
2023-11-30,木,小雪,19,LOW SEASON,2.0,3.0,3.0,3.0,3.0,2.48,3.41,2.96,0,0,0,0
2023-12-01,金,小雪,19,LOW SEASON,2.0,5.0,4.0,5.0,4.67,2.48,3.41,3.52,0,0,0,0
2023-12-02,土,小雪,19,LOW SEASON,2.0,5.0,5.0,5.0,5.0,2.48,3.41,3.63,0,0,0,0
2023-12-03,日,小雪,19,LOW SEASON,2.0,5.0,4.0,5.0,4.67,2.48,3.41,3.52,0,0,0,0
2023-12-04,月,小雪,19,LOW SEASON,2.0,5.0,2.0,5.0,4.0,2.48,3.41,3.3,0,0,0,0
2023-12-05,火,小雪,19,LOW SEASON,2.0,5.0,2.0,5.0,4.0,2.48,3.41,3.3,0,0,0,0
2023-12-06,水,小雪,19,LOW SEASON,2.0,5.0,2.0,5.0,4.0,2.48,3.41,3.3,0,0,0,0
2023-12-07,木,大雪,6,HIGH SEASON,4.17,5.0,3.0,5.0,4.33,2.48,3.41,3.41,0,0,0,0
2023-12-08,金,大雪,6,HIGH SEASON,4.17,5.0,4.0,5.0,4.67,2.48,3.41,3.52,0,0,0,0
2023-12-09,土,大雪,6,HIGH SEASON,4.17,5.0,5.0,5.0,5.0,2.48,3.41,3.63,0,0,0,0
2023-12-10,日,大雪,6,HIGH SEASON,4.17,5.0,4.0,5.0,4.67,2.48,3.41,3.52,0,0,0,0
2023-12-11,月,大雪,6,HIGH SEASON,4.17,5.0,2.0,5.0,4.0,2.48,3.41,3.3,0,0,0,0
2023-12-12,火,大雪,6,HIGH SEASON,4.17,5.0,2.0,5.0,4.0,2.48,3.41,3.3,0,0,0,0
2023-12-13,水,大雪,6,HIGH SEASON,4.17,5.0,2.0,5.0,4.0,2.48,3.41,3.3,0,0,0,0
2023-12-14,木,大雪,6,HIGH SEASON,4.17,5.0,3.0,5.0,4.33,2.48,3.41,3.41,0,0,0,0
2023-12-15,金,大雪,6,HIGH SEASON,4.17,5.0,4.0,5.0,4.67,2.48,3.41,3.52,0,0,0,0
2023-12-16,土,大雪,6,HIGH SEASON,4.17,5.0,5.0,5.0,5.0,2.48,3.41,3.63,0,0,0,0
2023-12-17,日,大雪,6,HIGH SEASON,4.17,5.0,4.0,5.0,4.67,2.48,3.41,3.52,0,0,0,0
2023-12-18,月,大雪,6,HIGH SEASON,4.17,5.0,2.0,5.0,4.0,2.48,3.41,3.3,0,0,0,0
2023-12-19,火,大雪,6,HIGH SEASON,4.17,5.0,2.0,5.0,4.0,2.48,3.41,3.3,0,0,0,0
2023-12-20,水,大雪,6,HIGH SEASON,4.17,5.0,2.0,5.0,4.0,2.48,3.41,3.3,0,0,0,0
2023-12-21,木,大雪,6,HIGH SEASON,4.17,5.0,3.0,5.0,4.33,2.48,3.41,3.41,0,0,0,0
2023-12-22,金,冬至,3,TOP SEASON,4.67,5.0,4.0,5.0,4.67,2.48,3.41,3.52,0,0,0,0
2023-12-23,土,冬至,3,TOP SEASON,4.67,5.0,5.0,5.0,5.0,2.48,3.41,3.63,0,0,0,0
2023-12-24,日,冬至,3,TOP SEASON,4.67,5.0,4.0,5.0,4.67,2.48,3.41,3.52,0,0,0,0
2023-12-25,月,冬至,3,TOP SEASON,4.67,5.0,2.0,5.0,4.0,2.48,3.41,3.3,0,0,0,0
2023-12-26,火,冬至,3,TOP SEASON,4.67,5.0,2.0,5.0,4.0,2.48,3.41,3.3,0,0,0,0
2023-12-27,水,冬至,3,TOP SEASON,4.67,5.0,2.0,5.0,4.0,2.48,3.41,3.3,0,0,0,0
2023-12-28,木,冬至,3,TOP SEASON,4.67,5.0,3.0,5.0,4.33,2.48,3.41,3.41,0,0,0,0
2023-12-29,金,冬至,3,TOP SEASON,4.67,5.0,4.0,5.0,4.67,2.48,3.41,3.52,0,0,0,0
2023-12-30,土,冬至,3,TOP SEASON,4.67,5.0,5.0,5.0,5.0,2.48,3.41,3.63,0,0,0,0
2023-12-31,日,冬至,3,TOP SEASON,4.67,5.0,4.0,5.0,4.67,2.48,3.41,3.52,0,0,0,0
2024-01-01,月,冬至,3,TOP SEASON,4.67,2.0,2.0,2.0,2.0,2.48,3.41,2.63,0,0,0,0
2024-01-02,火,冬至,3,TOP SEASON,4.67,2.0,2.0,2.0,2.0,2.48,3.41,2.63,0,0,0,0
2024-01-03,水,冬至,3,TOP SEASON,4.67,2.0,2.0,2.0,2.0,2.48,3.41,2.63,0,0,0,0
2024-01-04,木,冬至,3,TOP SEASON,4.67,2.0,3.0,2.0,2.33,2.48,3.41,2.74,0,0,0,0
2024-01-05,金,冬至,3,TOP SEASON,4.67,2.0,4.0,2.0,2.67,2.48,3.41,2.85,0,0,0,0
2024-01-06,土,小寒,22,OFF SEASON,1.5,2.0,5.0,2.0,3.0,2.48,3.41,2.96,0,0,0,0
2024-01-07,日,小寒,22,OFF SEASON,1.5,2.0,4.0,2.0,2.67,2.48,3.41,2.85,0,0,0,0
2024-01-08,月,小寒,22,OFF SEASON,1.5,2.0,2.0,2.0,2.0,2.48,3.41,2.63,0,0,0,0
2024-01-09,火,小寒,22,OFF SEASON,1.5,2.0,2.0,2.0,2.0,2.48,3.41,2.63,0,0,0,0
2024-01-10,水,小寒,22,OFF SEASON,1.5,2.0,2.0,2.0,2.0,2.48,3.41,2.63,0,0,0,0
2024-01-11,木,小寒,22,OFF SEASON,1.5,2.0,3.0,2.0,2.33,2.48,3.41,2.74,0,0,0,0
2024-01-12,金,小寒,22,OFF SEASON,1.5,2.0,4.0,2.0,2.67,2.48,3.41,2.85,0,0,0,0
2024-01-13,土,小寒,22,OFF SEASON,1.5,2.0,5.0,2.0,3.0,2.48,3.41,2.96,0,0,0,0
2024-01-14,日,小寒,22,OFF SEASON,1.5,2.0,4.0,2.0,2.67,2.48,3.41,2.85,0,0,0,0
2024-01-15,月,小寒,22,OFF SEASON,1.5,2.0,2.0,2.0,2.0,2.48,3.41,2.63,0,0,0,0
2024-01-16,火,小寒,22,OFF SEASON,1.5,2.0,2.0,2.0,2.0,2.48,3.41,2.63,0,0,0,0
2024-01-17,水,小寒,22,OFF SEASON,1.5,2.0,2.0,2.0,2.0,2.48,3.41,2.63,0,0,0,0
2024-01-18,木,小寒,22,OFF SEASON,1.5,2.0,3.0,2.0,2.33,2.48,3.41,2.74,0,0,0,0
2024-01-19,金,小寒,22,OFF SEASON,1.5,2.0,4.0,2.0,2.67,2.48,3.41,2.85,0,0,0,0
2024-01-20,土,大寒,21,OFF SEASON,1.67,2.0,5.0,2.0,3.0,2.48,3.41,2.96,0,0,0,0
2024-01-21,日,大寒,21,OFF SEASON,1.67,2.0,4.0,2.0,2.67,2.48,3.41,2.85,0,0,0,0
2024-01-22,月,大寒,21,OFF SEASON,1.67,2.0,2.0,2.0,2.0,2.48,3.41,2.63,0,0,0,0
2024-01-23,火,大寒,21,OFF SEASON,1.67,2.0,2.0,2.0,2.0,2.48,3.41,2.63,0,0,0,0
2024-01-24,水,大寒,21,OFF SEASON,1.67,2.0,2.0,2.0,2.0,2.48,3.41,2.63,0,0,0,0
2024-01-25,木,大寒,21,OFF SEASON,1.67,2.0,3.0,2.0,2.33,2.48,3.41,2.74,0,0,0,0
2024-01-26,金,大寒,21,OFF SEASON,1.67,2.0,4.0,2.0,2.67,2.48,3.41,2.85,0,0,0,0
2024-01-27,土,大寒,21,OFF SEASON,1.67,2.0,5.0,2.0,3.0,2.48,3.41,2.96,0,0,0,0
2024-01-28,日,大寒,21,OFF SEASON,1.67,2.0,4.0,2.0,2.67,2.48,3.41,2.85,0,0,0,0
2024-01-29,月,大寒,21,OFF SEASON,1.67,2.0,2.0,2.0,2.0,2.48,3.41,2.63,0,0,0,0
2024-01-30,火,大寒,21,OFF SEASON,1.67,2.0,2.0,2.0,2.0,2.48,3.41,2.63,0,0,0,0
2024-01-31,水,大寒,21,OFF SEASON,1.67,2.0,2.0,2.0,2.0,2.48,3.41,2.63,0,0,0,0
2024-02-01,木,大寒,21,OFF SEASON,1.67,2.0,3.0,2.0,2.33,2.48,3.41,2.74,0,0,0,0
2024-02-02,金,大寒,21,OFF SEASON,1.67,2.0,4.0,2.0,2.67,2.48,3.41,2.85,0,0,0,0
2024-02-03,土,大寒,21,OFF SEASON,1.67,2.0,5.0,2.0,3.0,2.48,3.41,2.96,0,0,0,0
2024-02-04,日,立春,12,FLOW SEASON,3.17,2.0,4.0,2.0,2.67,2.48,3.41,2.85,0,0,0,0
2024-02-05,月,立春,12,FLOW SEASON,3.17,2.0,2.0,2.0,2.0,2.48,3.41,2.63,0,0,0,0
2024-02-06,火,立春,12,FLOW SEASON,3.17,2.0,2.0,2.0,2.0,2.48,3.41,2.63,0,0,0,0
2024-02-07,水,立春,12,FLOW SEASON,3.17,2.0,2.0,2.0,2.0,2.48,3.41,2.63,0,0,0,0
2024-02-08,木,立春,12,FLOW SEASON,3.17,2.0,3.0,2.0,2.33,2.48,3.41,2.74,0,0,0,0
2024-02-09,金,立春,12,FLOW SEASON,3.17,2.0,4.0,2.0,2.67,2.48,3.41,2.85,0,0,0,0
2024-02-10,土,立春,12,FLOW SEASON,3.17,2.0,5.0,2.0,3.0,2.48,3.41,2.96,0,0,0,0
2024-02-11,日,立春,12,FLOW SEASON,3.17,2.0,4.0,2.0,2.67,2.48,3.41,2.85,0,0,0,0
2024-02-12,月,立春,12,FLOW SEASON,3.17,2.0,2.0,2.0,2.0,2.48,3.41,2.63,0,0,0,0
2024-02-13,火,立春,12,FLOW SEASON,3.17,2.0,2.0,2.0,2.0,2.48,3.41,2.63,0,0,0,0
2024-02-14,水,立春,12,FLOW SEASON,3.17,2.0,2.0,2.0,2.0,2.48,3.41,2.63,0,0,0,0
2024-02-15,木,立春,12,FLOW SEASON,3.17,2.0,3.0,2.0,2.33,2.48,3.41,2.74,0,0,0,0
2024-02-16,金,立春,12,FLOW SEASON,3.17,2.0,4.0,2.0,2.67,2.48,3.41,2.85,0,0,0,0
2024-02-17,土,立春,12,FLOW SEASON,3.17,2.0,5.0,2.0,3.0,2.48,3.41,2.96,0,0,0,0
2024-02-18,日,立春,12,FLOW SEASON,3.17,2.0,4.0,2.0,2.67,2.48,3.41,2.85,0,0,0,0
2024-02-19,月,雨水,20,LOW SEASON,1.83,2.0,2.0,2.0,2.0,2.48,3.41,2.63,0,0,0,0
2024-02-20,火,雨水,20,LOW SEASON,1.83,2.0,2.0,2.0,2.0,2.48,3.41,2.63,0,0,0,0
2024-02-21,水,雨水,20,LOW SEASON,1.83,2.0,2.0,2.0,2.0,2.48,3.41,2.63,0,0,0,0
2024-02-22,木,雨水,20,LOW SEASON,1.83,2.0,3.0,2.0,2.33,2.48,3.41,2.74,0,0,0,0
2024-02-23,金,雨水,20,LOW SEASON,1.83,2.0,4.0,2.0,2.67,2.48,3.41,2.85,0,0,0,0
2024-02-24,土,雨水,20,LOW SEASON,1.83,2.0,5.0,2.0,3.0,2.48,3.41,2.96,0,0,0,0
2024-02-25,日,雨水,20,LOW SEASON,1.83,2.0,4.0,2.0,2.67,2.48,3.41,2.85,0,0,0,0
2024-02-26,月,雨水,20,LOW SEASON,1.83,2.0,2.0,2.0,2.0,2.48,3.41,2.63,0,0,0,0
2024-02-27,火,雨水,20,LOW SEASON,1.83,2.0,2.0,2.0,2.0,2.48,3.41,2.63,0,0,0,0
2024-02-28,水,雨水,20,LOW SEASON,1.83,2.0,2.0,2.0,2.0,2.48,3.41,2.63,0,0,0,0
2024-02-29,木,雨水,20,LOW SEASON,1.83,2.0,3.0,2.0,2.33,2.48,3.41,2.74,0,0,0,0
2024-03-01,金,雨水,20,LOW SEASON,1.83,2.0,4.0,2.0,2.67,2.48,3.41,2.85,0,0,0,0
2024-03-02,土,雨水,20,LOW SEASON,1.83,2.0,5.0,2.0,3.0,2.48,3.41,2.96,0,0,0,0
2024-03-03,日,雨水,20,LOW SEASON,1.83,2.0,4.0,2.0,2.67,2.48,3.41,2.85,0,0,0,0
2024-03-04,月,雨水,20,LOW SEASON,1.83,2.0,2.0,2.0,2.0,2.48,3.41,2.63,0,0,0,0
2024-03-05,火,啓蟄,16,LOW SEASON,2.5,2.0,2.0,2.0,2.0,2.48,3.41,2.63,0,0,0,0
2024-03-06,水,啓蟄,16,LOW SEASON,2.5,2.0,2.0,2.0,2.0,2.48,3.41,2.63,0,0,0,0
2024-03-07,木,啓蟄,16,LOW SEASON,2.5,2.0,3.0,2.0,2.33,2.48,3.41,2.74,0,0,0,0
2024-03-08,金,啓蟄,16,LOW SEASON,2.5,2.0,4.0,2.0,2.67,2.48,3.41,2.85,0,0,0,0
2024-03-09,土,啓蟄,16,LOW SEASON,2.5,2.0,5.0,2.0,3.0,2.48,3.41,2.96,0,0,0,0
2024-03-10,日,啓蟄,16,LOW SEASON,2.5,2.0,4.0,2.0,2.67,2.48,3.41,2.85,0,0,0,0
2024-03-11,月,啓蟄,16,LOW SEASON,2.5,2.0,2.0,2.0,2.0,2.48,3.41,2.63,0,0,0,0
2024-03-12,火,啓蟄,16,LOW SEASON,2.5,2.0,2.0,2.0,2.0,2.48,3.41,2.63,0,0,0,0
2024-03-13,水,啓蟄,16,LOW SEASON,2.5,2.0,2.0,2.0,2.0,2.48,3.41,2.63,0,0,0,0
2024-03-14,木,啓蟄,16,LOW SEASON,2.5,2.0,3.0,2.0,2.33,2.48,3.41,2.74,0,0,0,0
2024-03-15,金,啓蟄,16,LOW SEASON,2.5,2.0,4.0,2.0,2.67,2.48,3.41,2.85,0,0,0,0
2024-03-16,土,啓蟄,16,LOW SEASON,2.5,2.0,5.0,2.0,3.0,2.48,3.41,2.96,0,0,0,0
2024-03-17,日,啓蟄,16,LOW SEASON,2.5,2.0,4.0,2.0,2.67,2.48,3.41,2.85,0,0,0,0
2024-03-18,月,啓蟄,16,LOW SEASON,2.5,2.0,2.0,2.0,2.0,2.48,3.41,2.63,0,0,0,0
2024-03-19,火,啓蟄,16,LOW SEASON,2.5,2.0,2.0,2.0,2.0,2.48,3.41,2.63,0,0,0,0
2024-03-20,水,春分,17,LOW SEASON,2.33,2.0,2.0,2.0,2.0,2.48,3.41,2.63,0,0,0,0
2024-03-21,木,春分,17,LOW SEASON,2.33,2.0,3.0,2.0,2.33,2.48,3.41,2.74,0,0,0,0
2024-03-22,金,春分,17,LOW SEASON,2.33,2.0,4.0,2.0,2.67,2.48,3.41,2.85,0,0,0,0
2024-03-23,土,春分,17,LOW SEASON,2.33,2.0,5.0,2.0,3.0,2.48,3.41,2.96,0,0,0,0
2024-03-24,日,春分,17,LOW SEASON,2.33,2.0,4.0,2.0,2.67,2.48,3.41,2.85,0,0,0,0
2024-03-25,月,春分,17,LOW SEASON,2.33,2.0,2.0,2.0,2.0,2.48,3.41,2.63,0,0,0,0
2024-03-26,火,春分,17,LOW SEASON,2.33,2.0,2.0,2.0,2.0,2.48,3.41,2.63,0,0,0,0
2024-03-27,水,春分,17,LOW SEASON,2.33,2.0,2.0,2.0,2.0,2.48,3.41,2.63,0,0,0,0
2024-03-28,木,春分,17,LOW SEASON,2.33,2.0,3.0,2.0,2.33,2.48,3.41,2.74,0,0,0,0
2024-03-29,金,春分,17,LOW SEASON,2.33,2.0,4.0,2.0,2.67,2.48,3.41,2.85,0,0,0,0
2024-03-30,土,春分,17,LOW SEASON,2.33,2.0,5.0,2.0,3.0,2.48,3.41,2.96,0,0,0,0
2024-03-31,日,春分,17,LOW SEASON,2.33,2.0,4.0,2.0,2.67,2.48,3.41,2.85,0,0,0,0
2024-04-01,月,春分,17,LOW SEASON,2.33,2.0,2.0,2.0,2.0,2.48,3.41,2.63,0,0,0,0
2024-04-02,火,春分,17,LOW SEASON,2.33,2.0,2.0,2.0,2.0,2.48,3.41,2.63,0,0,0,0
2024-04-03,水,春分,17,LOW SEASON,2.33,2.0,2.0,2.0,2.0,2.48,3.41,2.63,0,0,0,0
2024-04-04,木,清明,24,OFF SEASON,1.17,2.0,3.0,2.0,2.33,2.48,3.41,2.74,0,0,0,0
2024-04-05,金,清明,24,OFF SEASON,1.17,2.0,4.0,2.0,2.67,2.48,3.41,2.85,0,0,0,0
2024-04-06,土,清明,24,OFF SEASON,1.17,2.0,5.0,2.0,3.0,2.48,3.41,2.96,0,0,0,0
2024-04-07,日,清明,24,OFF SEASON,1.17,2.0,4.0,2.0,2.67,2.48,3.41,2.85,0,0,0,0
2024-04-08,月,清明,24,OFF SEASON,1.17,2.0,2.0,2.0,2.0,2.48,3.41,2.63,0,0,0,0
2024-04-09,火,清明,24,OFF SEASON,1.17,2.0,2.0,2.0,2.0,2.48,3.41,2.63,0,0,0,0
2024-04-10,水,清明,24,OFF SEASON,1.17,2.0,2.0,2.0,2.0,2.48,3.41,2.63,0,0,0,0
2024-04-11,木,清明,24,OFF SEASON,1.17,2.0,3.0,2.0,2.33,2.48,3.41,2.74,0,0,0,0
2024-04-12,金,清明,24,OFF SEASON,1.17,2.0,4.0,2.0,2.67,2.48,3.41,2.85,0,0,0,0
2024-04-13,土,清明,24,OFF SEASON,1.17,2.0,5.0,2.0,3.0,2.48,3.41,2.96,0,0,0,0
2024-04-14,日,清明,24,OFF SEASON,1.17,2.0,4.0,2.0,2.67,2.48,3.41,2.85,0,0,0,0
2024-04-15,月,清明,24,OFF SEASON,1.17,2.0,2.0,2.0,2.0,2.48,3.41,2.63,0,0,0,0
2024-04-16,火,清明,24,OFF SEASON,1.17,2.0,2.0,2.0,2.0,2.48,3.41,2.63,0,0,0,0
2024-04-17,水,清明,24,OFF SEASON,1.17,2.0,2.0,2.0,2.0,2.48,3.41,2.63,0,0,0,0
2024-04-18,木,清明,24,OFF SEASON,1.17,2.0,3.0,2.0,2.33,2.48,3.41,2.74,0,0,0,0
2024-04-19,金,穀雨,18,LOW SEASON,2.17,2.0,4.0,2.0,2.67,2.48,3.41,2.85,0,0,0,0
2024-04-20,土,穀雨,18,LOW SEASON,2.17,2.0,5.0,2.0,3.0,2.48,3.41,2.96,0,0,0,0
2024-04-21,日,穀雨,18,LOW SEASON,2.17,2.0,4.0,2.0,2.67,2.48,3.41,2.85,0,0,0,0
2024-04-22,月,穀雨,18,LOW SEASON,2.17,2.0,2.0,2.0,2.0,2.48,3.41,2.63,0,0,0,0
2024-04-23,火,穀雨,18,LOW SEASON,2.17,2.0,2.0,2.0,2.0,2.48,3.41,2.63,0,0,0,0
2024-04-24,水,穀雨,18,LOW SEASON,2.17,2.0,2.0,2.0,2.0,2.48,3.41,2.63,0,0,0,0
2024-04-25,木,穀雨,18,LOW SEASON,2.17,2.0,3.0,2.0,2.33,2.48,3.41,2.74,0,0,0,0
2024-04-26,金,穀雨,18,LOW SEASON,2.17,2.0,4.0,2.0,2.67,2.48,3.41,2.85,0,0,0,0
2024-04-27,土,穀雨,18,LOW SEASON,2.17,2.0,5.0,2.0,3.0,2.48,3.41,2.96,0,0,0,0
2024-04-28,日,穀雨,18,LOW SEASON,2.17,2.0,4.0,2.0,2.67,2.48,3.41,2.85,0,0,0,0
2024-04-29,月,穀雨,18,LOW SEASON,2.17,2.0,2.0,2.0,2.0,2.48,3.41,2.63,0,0,0,0
2024-04-30,火,穀雨,18,LOW SEASON,2.17,2.0,2.0,2.0,2.0,2.48,3.41,2.63,0,0,0,0
2024-05-01,水,穀雨,18,LOW SEASON,2.17,3.0,2.0,3.0,2.67,2.48,3.41,2.85,0,0,0,0
2024-05-02,木,穀雨,18,LOW SEASON,2.17,3.0,3.0,3.0,3.0,2.48,3.41,2.96,0,0,0,0
2024-05-03,金,穀雨,18,LOW SEASON,2.17,3.0,4.0,3.0,3.33,2.48,3.41,3.07,0,0,0,0
2024-05-04,土,穀雨,18,LOW SEASON,2.17,3.0,5.0,3.0,3.67,2.48,3.41,3.19,0,0,0,0
2024-05-05,日,立夏,13,FLOW SEASON,3.0,3.0,4.0,3.0,3.33,2.48,3.41,3.07,0,0,0,0
2024-05-06,月,立夏,13,FLOW SEASON,3.0,3.0,2.0,3.0,2.67,2.48,3.41,2.85,0,0,0,0
2024-05-07,火,立夏,13,FLOW SEASON,3.0,3.0,2.0,3.0,2.67,2.48,3.41,2.85,0,0,0,0
2024-05-08,水,立夏,13,FLOW SEASON,3.0,3.0,2.0,3.0,2.67,2.48,3.41,2.85,0,0,0,0
2024-05-09,木,立夏,13,FLOW SEASON,3.0,3.0,3.0,3.0,3.0,2.48,3.41,2.96,0,0,0,0
2024-05-10,金,立夏,13,FLOW SEASON,3.0,3.0,4.0,3.0,3.33,2.48,3.41,3.07,0,0,0,0
2024-05-11,土,立夏,13,FLOW SEASON,3.0,3.0,5.0,3.0,3.67,2.48,3.41,3.19,0,0,0,0
2024-05-12,日,立夏,13,FLOW SEASON,3.0,3.0,4.0,3.0,3.33,2.48,3.41,3.07,0,0,0,0
2024-05-13,月,立夏,13,FLOW SEASON,3.0,3.0,2.0,3.0,2.67,2.48,3.41,2.85,0,0,0,0
2024-05-14,火,立夏,13,FLOW SEASON,3.0,3.0,2.0,3.0,2.67,2.48,3.41,2.85,0,0,0,0
2024-05-15,水,立夏,13,FLOW SEASON,3.0,3.0,2.0,3.0,2.67,2.48,3.41,2.85,0,0,0,0
2024-05-16,木,立夏,13,FLOW SEASON,3.0,3.0,3.0,3.0,3.0,2.48,3.41,2.96,0,0,0,0
2024-05-17,金,立夏,13,FLOW SEASON,3.0,3.0,4.0,3.0,3.33,2.48,3.41,3.07,0,0,0,0
2024-05-18,土,立夏,13,FLOW SEASON,3.0,3.0,5.0,3.0,3.67,2.48,3.41,3.19,0,0,0,0
2024-05-19,日,立夏,13,FLOW SEASON,3.0,3.0,4.0,3.0,3.33,2.48,3.41,3.07,0,0,0,0
2024-05-20,月,小満,14,FLOW SEASON,2.83,3.0,2.0,3.0,2.67,2.48,3.41,2.85,0,0,0,0
2024-05-21,火,小満,14,FLOW SEASON,2.83,3.0,2.0,3.0,2.67,2.48,3.41,2.85,0,0,0,0
2024-05-22,水,小満,14,FLOW SEASON,2.83,3.0,2.0,3.0,2.67,2.48,3.41,2.85,0,0,0,0
2024-05-23,木,小満,14,FLOW SEASON,2.83,3.0,3.0,3.0,3.0,2.48,3.41,2.96,0,0,0,0
2024-05-24,金,小満,14,FLOW SEASON,2.83,3.0,4.0,3.0,3.33,2.48,3.41,3.07,0,0,0,0
2024-05-25,土,小満,14,FLOW SEASON,2.83,3.0,5.0,3.0,3.67,2.48,3.41,3.19,0,0,0,0
2024-05-26,日,小満,14,FLOW SEASON,2.83,3.0,4.0,3.0,3.33,2.48,3.41,3.07,0,0,0,0
2024-05-27,月,小満,14,FLOW SEASON,2.83,3.0,2.0,3.0,2.67,2.48,3.41,2.85,0,0,0,0
2024-05-28,火,小満,14,FLOW SEASON,2.83,3.0,2.0,3.0,2.67,2.48,3.41,2.85,0,0,0,0
2024-05-29,水,小満,14,FLOW SEASON,2.83,3.0,2.0,3.0,2.67,2.48,3.41,2.85,0,0,0,0
2024-05-30,木,小満,14,FLOW SEASON,2.83,3.0,3.0,3.0,3.0,2.48,3.41,2.96,0,0,0,0
2024-05-31,金,小満,14,FLOW SEASON,2.83,3.0,4.0,3.0,3.33,2.48,3.41,3.07,0,0,0,0
2024-06-01,土,小満,14,FLOW SEASON,2.83,3.0,5.0,3.0,3.67,2.48,3.41,3.19,0,0,0,0
2024-06-02,日,小満,14,FLOW SEASON,2.83,3.0,4.0,3.0,3.33,2.48,3.41,3.07,0,0,0,0
2024-06-03,月,小満,14,FLOW SEASON,2.83,3.0,2.0,3.0,2.67,2.48,3.41,2.85,0,0,0,0
2024-06-04,火,小満,14,FLOW SEASON,2.83,3.0,2.0,3.0,2.67,2.48,3.41,2.85,0,0,0,0
2024-06-05,水,芒種,10,HIGH SEASON,3.5,3.0,2.0,3.0,2.67,2.48,3.41,2.85,0,0,0,0
2024-06-06,木,芒種,10,HIGH SEASON,3.5,3.0,3.0,3.0,3.0,2.48,3.41,2.96,0,0,0,0
2024-06-07,金,芒種,10,HIGH SEASON,3.5,3.0,4.0,3.0,3.33,2.48,3.41,3.07,0,0,0,0
2024-06-08,土,芒種,10,HIGH SEASON,3.5,3.0,5.0,3.0,3.67,2.48,3.41,3.19,0,0,0,0
2024-06-09,日,芒種,10,HIGH SEASON,3.5,3.0,4.0,3.0,3.33,2.48,3.41,3.07,0,0,0,0
2024-06-10,月,芒種,10,HIGH SEASON,3.5,3.0,2.0,3.0,2.67,2.48,3.41,2.85,0,0,0,0
2024-06-11,火,芒種,10,HIGH SEASON,3.5,3.0,2.0,3.0,2.67,2.48,3.41,2.85,0,0,0,0
2024-06-12,水,芒種,10,HIGH SEASON,3.5,3.0,2.0,3.0,2.67,2.48,3.41,2.85,0,0,0,0
2024-06-13,木,芒種,10,HIGH SEASON,3.5,3.0,3.0,3.0,3.0,2.48,3.41,2.96,0,0,0,0
2024-06-14,金,芒種,10,HIGH SEASON,3.5,3.0,4.0,3.0,3.33,2.48,3.41,3.07,0,0,0,0
2024-06-15,土,芒種,10,HIGH SEASON,3.5,3.0,5.0,3.0,3.67,2.48,3.41,3.19,0,0,0,0
2024-06-16,日,芒種,10,HIGH SEASON,3.5,3.0,4.0,3.0,3.33,2.48,3.41,3.07,0,0,0,0
2024-06-17,月,芒種,10,HIGH SEASON,3.5,3.0,2.0,3.0,2.67,2.48,3.41,2.85,0,0,0,0
2024-06-18,火,芒種,10,HIGH SEASON,3.5,3.0,2.0,3.0,2.67,2.48,3.41,2.85,0,0,0,0
2024-06-19,水,芒種,10,HIGH SEASON,3.5,3.0,2.0,3.0,2.67,2.48,3.41,2.85,0,0,0,0
2024-06-20,木,芒種,10,HIGH SEASON,3.5,3.0,3.0,3.0,3.0,2.48,3.41,2.96,0,0,0,0
2024-06-21,金,夏至,7,HIGH SEASON,4.0,3.0,4.0,3.0,3.33,2.48,3.41,3.07,0,0,0,0
2024-06-22,土,夏至,7,HIGH SEASON,4.0,3.0,5.0,3.0,3.67,2.48,3.41,3.19,0,0,0,0
2024-06-23,日,夏至,7,HIGH SEASON,4.0,3.0,4.0,3.0,3.33,2.48,3.41,3.07,0,0,0,0
2024-06-24,月,夏至,7,HIGH SEASON,4.0,3.0,2.0,3.0,2.67,2.48,3.41,2.85,0,0,0,0
2024-06-25,火,夏至,7,HIGH SEASON,4.0,3.0,2.0,3.0,2.67,2.48,3.41,2.85,0,0,0,0
2024-06-26,水,夏至,7,HIGH SEASON,4.0,3.0,2.0,3.0,2.67,2.48,3.41,2.85,0,0,0,0
2024-06-27,木,夏至,7,HIGH SEASON,4.0,3.0,3.0,3.0,3.0,2.48,3.41,2.96,0,0,0,0
2024-06-28,金,夏至,7,HIGH SEASON,4.0,3.0,4.0,3.0,3.33,2.48,3.41,3.07,0,0,0,0
2024-06-29,土,夏至,7,HIGH SEASON,4.0,3.0,5.0,3.0,3.67,2.48,3.41,3.19,0,0,0,0
2024-06-30,日,夏至,7,HIGH SEASON,4.0,3.0,4.0,3.0,3.33,2.48,3.41,3.07,0,0,0,0
2024-07-01,月,夏至,7,HIGH SEASON,4.0,4.0,2.0,4.0,3.33,2.48,3.41,3.07,0,0,0,0
2024-07-02,火,夏至,7,HIGH SEASON,4.0,4.0,2.0,4.0,3.33,2.48,3.41,3.07,0,0,0,0
2024-07-03,水,夏至,7,HIGH SEASON,4.0,4.0,2.0,4.0,3.33,2.48,3.41,3.07,0,0,0,0
2024-07-04,木,夏至,7,HIGH SEASON,4.0,4.0,3.0,4.0,3.67,2.48,3.41,3.19,0,0,0,0
2024-07-05,金,夏至,7,HIGH SEASON,4.0,4.0,4.0,4.0,4.0,2.48,3.41,3.3,0,0,0,0
2024-07-06,土,小暑,4,TOP SEASON,4.5,4.0,5.0,4.0,4.33,2.48,3.41,3.41,0,0,0,0
2024-07-07,日,小暑,4,TOP SEASON,4.5,4.0,4.0,4.0,4.0,2.48,3.41,3.3,0,0,0,0
2024-07-08,月,小暑,4,TOP SEASON,4.5,4.0,2.0,4.0,3.33,2.48,3.41,3.07,0,0,0,0
2024-07-09,火,小暑,4,TOP SEASON,4.5,4.0,2.0,4.0,3.33,2.48,3.41,3.07,0,0,0,0
2024-07-10,水,小暑,4,TOP SEASON,4.5,4.0,2.0,4.0,3.33,2.48,3.41,3.07,0,0,0,0
2024-07-11,木,小暑,4,TOP SEASON,4.5,4.0,3.0,4.0,3.67,2.48,3.41,3.19,0,0,0,0
2024-07-12,金,小暑,4,TOP SEASON,4.5,4.0,4.0,4.0,4.0,2.48,3.41,3.3,0,0,0,0
2024-07-13,土,小暑,4,TOP SEASON,4.5,4.0,5.0,4.0,4.33,2.48,3.41,3.41,0,0,0,0
2024-07-14,日,小暑,4,TOP SEASON,4.5,4.0,4.0,4.0,4.0,2.48,3.41,3.3,0,0,0,0
2024-07-15,月,小暑,4,TOP SEASON,4.5,4.0,2.0,4.0,3.33,2.48,3.41,3.07,0,0,0,0
2024-07-16,火,小暑,4,TOP SEASON,4.5,4.0,2.0,4.0,3.33,2.48,3.41,3.07,0,0,0,0
2024-07-17,水,小暑,4,TOP SEASON,4.5,4.0,2.0,4.0,3.33,2.48,3.41,3.07,0,0,0,0
2024-07-18,木,小暑,4,TOP SEASON,4.5,4.0,3.0,4.0,3.67,2.48,3.41,3.19,0,0,0,0
2024-07-19,金,小暑,4,TOP SEASON,4.5,4.0,4.0,4.0,4.0,2.48,3.41,3.3,0,0,0,0
2024-07-20,土,小暑,4,TOP SEASON,4.5,4.0,5.0,4.0,4.33,2.48,3.41,3.41,0,0,0,0
2024-07-21,日,小暑,4,TOP SEASON,4.5,4.0,4.0,4.0,4.0,2.48,3.41,3.3,0,0,0,0
2024-07-22,月,大暑,9,HIGH SEASON,3.67,4.0,2.0,4.0,3.33,2.48,3.41,3.07,0,0,0,0
2024-07-23,火,大暑,9,HIGH SEASON,3.67,4.0,2.0,4.0,3.33,2.48,3.41,3.07,0,0,0,0
2024-07-24,水,大暑,9,HIGH SEASON,3.67,4.0,2.0,4.0,3.33,2.48,3.41,3.07,0,0,0,0
2024-07-25,木,大暑,9,HIGH SEASON,3.67,4.0,3.0,4.0,3.67,2.48,3.41,3.19,0,0,0,0
2024-07-26,金,大暑,9,HIGH SEASON,3.67,4.0,4.0,4.0,4.0,2.48,3.41,3.3,0,0,0,0
2024-07-27,土,大暑,9,HIGH SEASON,3.67,4.0,5.0,4.0,4.33,2.48,3.41,3.41,0,0,0,0
2024-07-28,日,大暑,9,HIGH SEASON,3.67,4.0,4.0,4.0,4.0,2.48,3.41,3.3,0,0,0,0
2024-07-29,月,大暑,9,HIGH SEASON,3.67,4.0,2.0,4.0,3.33,2.48,3.41,3.07,0,0,0,0
2024-07-30,火,大暑,9,HIGH SEASON,3.67,4.0,2.0,4.0,3.33,2.48,3.41,3.07,0,0,0,0
2024-07-31,水,大暑,9,HIGH SEASON,3.67,4.0,2.0,4.0,3.33,2.48,3.41,3.07,0,0,0,0
2024-08-01,木,大暑,9,HIGH SEASON,3.67,4.0,3.0,4.0,3.67,2.48,3.41,3.19,0,0,0,0
2024-08-02,金,大暑,9,HIGH SEASON,3.67,4.0,4.0,4.0,4.0,2.48,3.41,3.3,0,0,0,0
2024-08-03,土,大暑,9,HIGH SEASON,3.67,4.0,5.0,4.0,4.33,2.48,3.41,3.41,0,0,0,0
2024-08-04,日,大暑,9,HIGH SEASON,3.67,4.0,4.0,4.0,4.0,2.48,3.41,3.3,0,0,0,0
2024-08-05,月,大暑,9,HIGH SEASON,3.67,4.0,2.0,4.0,3.33,2.48,3.41,3.07,0,0,0,0
2024-08-06,火,大暑,9,HIGH SEASON,3.67,4.0,2.0,4.0,3.33,2.48,3.41,3.07,0,0,0,0
2024-08-07,水,立秋,2,TOP SEASON,4.83,4.0,2.0,4.0,3.33,2.48,3.41,3.07,0,0,0,0
2024-08-08,木,立秋,2,TOP SEASON,4.83,4.0,3.0,4.0,3.67,2.48,3.41,3.19,0,0,0,0
2024-08-09,金,立秋,2,TOP SEASON,4.83,4.0,4.0,4.0,4.0,2.48,3.41,3.3,0,0,0,0
2024-08-10,土,立秋,2,TOP SEASON,4.83,4.0,5.0,4.0,4.33,2.48,3.41,3.41,0,0,0,0
2024-08-11,日,立秋,2,TOP SEASON,4.83,4.0,4.0,4.0,4.0,2.48,3.41,3.3,0,0,0,0
2024-08-12,月,立秋,2,TOP SEASON,4.83,4.0,2.0,4.0,3.33,2.48,3.41,3.07,0,0,0,0
2024-08-13,火,立秋,2,TOP SEASON,4.83,4.0,2.0,4.0,3.33,2.48,3.41,3.07,0,0,0,0
2024-08-14,水,立秋,2,TOP SEASON,4.83,4.0,2.0,4.0,3.33,2.48,3.41,3.07,0,0,0,0
2024-08-15,木,立秋,2,TOP SEASON,4.83,4.0,3.0,4.0,3.67,2.48,3.41,3.19,0,0,0,0
2024-08-16,金,立秋,2,TOP SEASON,4.83,4.0,4.0,4.0,4.0,2.48,3.41,3.3,0,0,0,0
2024-08-17,土,立秋,2,TOP SEASON,4.83,4.0,5.0,4.0,4.33,2.48,3.41,3.41,0,0,0,0
2024-08-18,日,立秋,2,TOP SEASON,4.83,4.0,4.0,4.0,4.0,2.48,3.41,3.3,0,0,0,0
2024-08-19,月,立秋,2,TOP SEASON,4.83,4.0,2.0,4.0,3.33,2.48,3.41,3.07,0,0,0,0
2024-08-20,火,立秋,2,TOP SEASON,4.83,4.0,2.0,4.0,3.33,2.48,3.41,3.07,0,0,0,0
2024-08-21,水,立秋,2,TOP SEASON,4.83,4.0,2.0,4.0,3.33,2.48,3.41,3.07,0,0,0,0
2024-08-22,木,処暑,5,TOP SEASON,4.33,4.0,3.0,4.0,3.67,2.48,3.41,3.19,0,0,0,0
2024-08-23,金,処暑,5,TOP SEASON,4.33,4.0,4.0,4.0,4.0,2.48,3.41,3.3,0,0,0,0
2024-08-24,土,処暑,5,TOP SEASON,4.33,4.0,5.0,4.0,4.33,2.48,3.41,3.41,0,0,0,0
2024-08-25,日,処暑,5,TOP SEASON,4.33,4.0,4.0,4.0,4.0,2.48,3.41,3.3,0,0,0,0
2024-08-26,月,処暑,5,TOP SEASON,4.33,4.0,2.0,4.0,3.33,2.48,3.41,3.07,0,0,0,0
2024-08-27,火,処暑,5,TOP SEASON,4.33,4.0,2.0,4.0,3.33,2.48,3.41,3.07,0,0,0,0
2024-08-28,水,処暑,5,TOP SEASON,4.33,4.0,2.0,4.0,3.33,2.48,3.41,3.07,0,0,0,0
2024-08-29,木,処暑,5,TOP SEASON,4.33,4.0,3.0,4.0,3.67,2.48,3.41,3.19,0,0,0,0
2024-08-30,金,処暑,5,TOP SEASON,4.33,4.0,4.0,4.0,4.0,2.48,3.41,3.3,0,0,0,0
2024-08-31,土,処暑,5,TOP SEASON,4.33,4.0,5.0,4.0,4.33,2.48,3.41,3.41,0,0,0,0
2024-09-01,日,処暑,5,TOP SEASON,4.33,4.0,4.0,4.0,4.0,2.48,3.41,3.3,0,0,0,0
2024-09-02,月,処暑,5,TOP SEASON,4.33,4.0,2.0,4.0,3.33,2.48,3.41,3.07,0,0,0,0
2024-09-03,火,処暑,5,TOP SEASON,4.33,4.0,2.0,4.0,3.33,2.48,3.41,3.07,0,0,0,0
2024-09-04,水,処暑,5,TOP SEASON,4.33,4.0,2.0,4.0,3.33,2.48,3.41,3.07,0,0,0,0
2024-09-05,木,処暑,5,TOP SEASON,4.33,4.0,3.0,4.0,3.67,2.48,3.41,3.19,0,0,0,0
2024-09-06,金,処暑,5,TOP SEASON,4.33,4.0,4.0,4.0,4.0,2.48,3.41,3.3,0,0,0,0
2024-09-07,土,白露,1,TOP SEASON,5.0,4.0,5.0,4.0,4.33,2.48,3.41,3.41,0,0,0,0
2024-09-08,日,白露,1,TOP SEASON,5.0,4.0,4.0,4.0,4.0,2.48,3.41,3.3,0,0,0,0
2024-09-09,月,白露,1,TOP SEASON,5.0,4.0,2.0,4.0,3.33,2.48,3.41,3.07,0,0,0,0
2024-09-10,火,白露,1,TOP SEASON,5.0,4.0,2.0,4.0,3.33,2.48,3.41,3.07,0,0,0,0
2024-09-11,水,白露,1,TOP SEASON,5.0,4.0,2.0,4.0,3.33,2.48,3.41,3.07,0,0,0,0
2024-09-12,木,白露,1,TOP SEASON,5.0,4.0,3.0,4.0,3.67,2.48,3.41,3.19,0,0,0,0
2024-09-13,金,白露,1,TOP SEASON,5.0,4.0,4.0,4.0,4.0,2.48,3.41,3.3,0,0,0,0
2024-09-14,土,白露,1,TOP SEASON,5.0,4.0,5.0,4.0,4.33,2.48,3.41,3.41,0,0,0,0
2024-09-15,日,白露,1,TOP SEASON,5.0,4.0,4.0,4.0,4.0,2.48,3.41,3.3,0,0,0,0
2024-09-16,月,白露,1,TOP SEASON,5.0,4.0,2.0,4.0,3.33,2.48,3.41,3.07,0,0,0,0
2024-09-17,火,白露,1,TOP SEASON,5.0,4.0,2.0,4.0,3.33,2.48,3.41,3.07,0,0,0,0
2024-09-18,水,白露,1,TOP SEASON,5.0,4.0,2.0,4.0,3.33,2.48,3.41,3.07,0,0,0,0
2024-09-19,木,白露,1,TOP SEASON,5.0,4.0,3.0,4.0,3.67,2.48,3.41,3.19,0,0,0,0
2024-09-20,金,白露,1,TOP SEASON,5.0,4.0,4.0,4.0,4.0,2.48,3.41,3.3,0,0,0,0
2024-09-21,土,白露,1,TOP SEASON,5.0,4.0,5.0,4.0,4.33,2.48,3.41,3.41,0,0,0,0
2024-09-22,日,秋分,8,HIGH SEASON,3.83,4.0,4.0,4.0,4.0,2.48,3.41,3.3,0,0,0,0
2024-09-23,月,秋分,8,HIGH SEASON,3.83,4.0,2.0,4.0,3.33,2.48,3.41,3.07,0,0,0,0
2024-09-24,火,秋分,8,HIGH SEASON,3.83,4.0,2.0,4.0,3.33,2.48,3.41,3.07,0,0,0,0
2024-09-25,水,秋分,8,HIGH SEASON,3.83,4.0,2.0,4.0,3.33,2.48,3.41,3.07,0,0,0,0
2024-09-26,木,秋分,8,HIGH SEASON,3.83,4.0,3.0,4.0,3.67,2.48,3.41,3.19,0,0,0,0
2024-09-27,金,秋分,8,HIGH SEASON,3.83,4.0,4.0,4.0,4.0,2.48,3.41,3.3,0,0,0,0
2024-09-28,土,秋分,8,HIGH SEASON,3.83,4.0,5.0,4.0,4.33,2.48,3.41,3.41,0,0,0,0
2024-09-29,日,秋分,8,HIGH SEASON,3.83,4.0,4.0,4.0,4.0,2.48,3.41,3.3,0,0,0,0
2024-09-30,月,秋分,8,HIGH SEASON,3.83,4.0,2.0,4.0,3.33,2.48,3.41,3.07,0,0,0,0
2024-10-01,火,秋分,8,HIGH SEASON,3.83,4.0,2.0,4.0,3.33,2.48,3.41,3.07,0,0,0,0
2024-10-02,水,秋分,8,HIGH SEASON,3.83,4.0,2.0,4.0,3.33,2.48,3.41,3.07,0,0,0,0
2024-10-03,木,秋分,8,HIGH SEASON,3.83,4.0,3.0,4.0,3.67,2.48,3.41,3.19,0,0,0,0
2024-10-04,金,秋分,8,HIGH SEASON,3.83,4.0,4.0,4.0,4.0,2.48,3.41,3.3,0,0,0,0
2024-10-05,土,秋分,8,HIGH SEASON,3.83,4.0,5.0,4.0,4.33,2.48,3.41,3.41,0,0,0,0
2024-10-06,日,秋分,8,HIGH SEASON,3.83,4.0,4.0,4.0,4.0,2.48,3.41,3.3,0,0,0,0
2024-10-07,月,秋分,8,HIGH SEASON,3.83,4.0,2.0,4.0,3.33,2.48,3.41,3.07,0,0,0,0
2024-10-08,火,寒露,11,FLOW SEASON,3.33,4.0,2.0,4.0,3.33,2.48,3.41,3.07,0,0,0,0
2024-10-09,水,寒露,11,FLOW SEASON,3.33,4.0,2.0,4.0,3.33,2.48,3.41,3.07,0,0,0,0
2024-10-10,木,寒露,11,FLOW SEASON,3.33,4.0,3.0,4.0,3.67,2.48,3.41,3.19,0,0,0,0
2024-10-11,金,寒露,11,FLOW SEASON,3.33,4.0,4.0,4.0,4.0,2.48,3.41,3.3,0,0,0,0
2024-10-12,土,寒露,11,FLOW SEASON,3.33,4.0,5.0,4.0,4.33,2.48,3.41,3.41,0,0,0,0
2024-10-13,日,寒露,11,FLOW SEASON,3.33,4.0,4.0,4.0,4.0,2.48,3.41,3.3,0,0,0,0
2024-10-14,月,寒露,11,FLOW SEASON,3.33,4.0,2.0,4.0,3.33,2.48,3.41,3.07,0,0,0,0
2024-10-15,火,寒露,11,FLOW SEASON,3.33,4.0,2.0,4.0,3.33,2.48,3.41,3.07,0,0,0,0
2024-10-16,水,寒露,11,FLOW SEASON,3.33,4.0,2.0,4.0,3.33,2.48,3.41,3.07,0,0,0,0
2024-10-17,木,寒露,11,FLOW SEASON,3.33,4.0,3.0,4.0,3.67,2.48,3.41,3.19,0,0,0,0
2024-10-18,金,寒露,11,FLOW SEASON,3.33,4.0,4.0,4.0,4.0,2.48,3.41,3.3,0,0,0,0
2024-10-19,土,寒露,11,FLOW SEASON,3.33,4.0,5.0,4.0,4.33,2.48,3.41,3.41,0,0,0,0
2024-10-20,日,寒露,11,FLOW SEASON,3.33,4.0,4.0,4.0,4.0,2.48,3.41,3.3,0,0,0,0
2024-10-21,月,寒露,11,FLOW SEASON,3.33,4.0,2.0,4.0,3.33,2.48,3.41,3.07,0,0,0,0
2024-10-22,火,寒露,11,FLOW SEASON,3.33,4.0,2.0,4.0,3.33,2.48,3.41,3.07,0,0,0,0
2024-10-23,水,霜降,15,FLOW SEASON,2.67,4.0,2.0,4.0,3.33,2.48,3.41,3.07,0,0,0,0
2024-10-24,木,霜降,15,FLOW SEASON,2.67,4.0,3.0,4.0,3.67,2.48,3.41,3.19,0,0,0,0
2024-10-25,金,霜降,15,FLOW SEASON,2.67,4.0,4.0,4.0,4.0,2.48,3.41,3.3,0,0,0,0
2024-10-26,土,霜降,15,FLOW SEASON,2.67,4.0,5.0,4.0,4.33,2.48,3.41,3.41,0,0,0,0
2024-10-27,日,霜降,15,FLOW SEASON,2.67,4.0,4.0,4.0,4.0,2.48,3.41,3.3,0,0,0,0
2024-10-28,月,霜降,15,FLOW SEASON,2.67,4.0,2.0,4.0,3.33,2.48,3.41,3.07,0,0,0,0
2024-10-29,火,霜降,15,FLOW SEASON,2.67,4.0,2.0,4.0,3.33,2.48,3.41,3.07,0,0,0,0
2024-10-30,水,霜降,15,FLOW SEASON,2.67,4.0,2.0,4.0,3.33,2.48,3.41,3.07,0,0,0,0
2024-10-31,木,霜降,15,FLOW SEASON,2.67,4.0,3.0,4.0,3.67,2.48,3.41,3.19,0,0,0,0
2024-11-01,金,霜降,15,FLOW SEASON,2.67,3.0,4.0,3.0,3.33,2.48,3.41,3.07,0,0,0,0
2024-11-02,土,霜降,15,FLOW SEASON,2.67,3.0,5.0,3.0,3.67,2.48,3.41,3.19,0,0,0,0
2024-11-03,日,霜降,15,FLOW SEASON,2.67,3.0,4.0,3.0,3.33,2.48,3.41,3.07,0,0,0,0
2024-11-04,月,霜降,15,FLOW SEASON,2.67,3.0,2.0,3.0,2.67,2.48,3.41,2.85,0,0,0,0
2024-11-05,火,霜降,15,FLOW SEASON,2.67,3.0,2.0,3.0,2.67,2.48,3.41,2.85,0,0,0,0
2024-11-06,水,霜降,15,FLOW SEASON,2.67,3.0,2.0,3.0,2.67,2.48,3.41,2.85,0,0,0,0
2024-11-07,木,立冬,23,OFF SEASON,1.33,3.0,3.0,3.0,3.0,2.48,3.41,2.96,0,0,0,0
2024-11-08,金,立冬,23,OFF SEASON,1.33,3.0,4.0,3.0,3.33,2.48,3.41,3.07,0,0,0,0
2024-11-09,土,立冬,23,OFF SEASON,1.33,3.0,5.0,3.0,3.67,2.48,3.41,3.19,0,0,0,0
2024-11-10,日,立冬,23,OFF SEASON,1.33,3.0,4.0,3.0,3.33,2.48,3.41,3.07,0,0,0,0
2024-11-11,月,立冬,23,OFF SEASON,1.33,3.0,2.0,3.0,2.67,2.48,3.41,2.85,0,0,0,0
2024-11-12,火,立冬,23,OFF SEASON,1.33,3.0,2.0,3.0,2.67,2.48,3.41,2.85,0,0,0,0
2024-11-13,水,立冬,23,OFF SEASON,1.33,3.0,2.0,3.0,2.67,2.48,3.41,2.85,0,0,0,0
2024-11-14,木,立冬,23,OFF SEASON,1.33,3.0,3.0,3.0,3.0,2.48,3.41,2.96,0,0,0,0
2024-11-15,金,立冬,23,OFF SEASON,1.33,3.0,4.0,3.0,3.33,2.48,3.41,3.07,0,0,0,0
2024-11-16,土,立冬,23,OFF SEASON,1.33,3.0,5.0,3.0,3.67,2.48,3.41,3.19,0,0,0,0
2024-11-17,日,立冬,23,OFF SEASON,1.33,3.0,4.0,3.0,3.33,2.48,3.41,3.07,0,0,0,0
2024-11-18,月,立冬,23,OFF SEASON,1.33,3.0,2.0,3.0,2.67,2.48,3.41,2.85,0,0,0,0
2024-11-19,火,立冬,23,OFF SEASON,1.33,3.0,2.0,3.0,2.67,2.48,3.41,2.85,0,0,0,0
2024-11-20,水,立冬,23,OFF SEASON,1.33,3.0,2.0,3.0,2.67,2.48,3.41,2.85,0,0,0,0
2024-11-21,木,立冬,23,OFF SEASON,1.33,3.0,3.0,3.0,3.0,2.48,3.41,2.96,0,0,0,0
2024-11-22,金,小雪,19,LOW SEASON,2.0,3.0,4.0,3.0,3.33,2.48,3.41,3.07,0,0,0,0
2024-11-23,土,小雪,19,LOW SEASON,2.0,3.0,5.0,3.0,3.67,2.48,3.41,3.19,0,0,0,0
2024-11-24,日,小雪,19,LOW SEASON,2.0,3.0,4.0,3.0,3.33,2.48,3.41,3.07,0,0,0,0
2024-11-25,月,小雪,19,LOW SEASON,2.0,3.0,2.0,3.0,2.67,2.48,3.41,2.85,0,0,0,0
2024-11-26,火,小雪,19,LOW SEASON,2.0,3.0,2.0,3.0,2.67,2.48,3.41,2.85,0,0,0,0
2024-11-27,水,小雪,19,LOW SEASON,2.0,3.0,2.0,3.0,2.67,2.48,3.41,2.85,0,0,0,0
2024-11-28,木,小雪,19,LOW SEASON,2.0,3.0,3.0,3.0,3.0,2.48,3.41,2.96,0,0,0,0
2024-11-29,金,小雪,19,LOW SEASON,2.0,3.0,4.0,3.0,3.33,2.48,3.41,3.07,0,0,0,0
2024-11-30,土,小雪,19,LOW SEASON,2.0,3.0,5.0,3.0,3.67,2.48,3.41,3.19,0,0,0,0
2024-12-01,日,小雪,19,LOW SEASON,2.0,5.0,4.0,5.0,4.67,2.48,3.41,3.52,0,0,0,0
2024-12-02,月,小雪,19,LOW SEASON,2.0,5.0,2.0,5.0,4.0,2.48,3.41,3.3,0,0,0,0
2024-12-03,火,小雪,19,LOW SEASON,2.0,5.0,2.0,5.0,4.0,2.48,3.41,3.3,0,0,0,0
2024-12-04,水,小雪,19,LOW SEASON,2.0,5.0,2.0,5.0,4.0,2.48,3.41,3.3,0,0,0,0
2024-12-05,木,小雪,19,LOW SEASON,2.0,5.0,3.0,5.0,4.33,2.48,3.41,3.41,0,0,0,0
2024-12-06,金,小雪,19,LOW SEASON,2.0,5.0,4.0,5.0,4.67,2.48,3.41,3.52,0,0,0,0
2024-12-07,土,大雪,6,HIGH SEASON,4.17,5.0,5.0,5.0,5.0,2.48,3.41,3.63,0,0,0,0
2024-12-08,日,大雪,6,HIGH SEASON,4.17,5.0,4.0,5.0,4.67,2.48,3.41,3.52,0,0,0,0
2024-12-09,月,大雪,6,HIGH SEASON,4.17,5.0,2.0,5.0,4.0,2.48,3.41,3.3,0,0,0,0
2024-12-10,火,大雪,6,HIGH SEASON,4.17,5.0,2.0,5.0,4.0,2.48,3.41,3.3,0,0,0,0
2024-12-11,水,大雪,6,HIGH SEASON,4.17,5.0,2.0,5.0,4.0,2.48,3.41,3.3,0,0,0,0
2024-12-12,木,大雪,6,HIGH SEASON,4.17,5.0,3.0,5.0,4.33,2.48,3.41,3.41,0,0,0,0
2024-12-13,金,大雪,6,HIGH SEASON,4.17,5.0,4.0,5.0,4.67,2.48,3.41,3.52,0,0,0,0
2024-12-14,土,大雪,6,HIGH SEASON,4.17,5.0,5.0,5.0,5.0,2.48,3.41,3.63,0,0,0,0
2024-12-15,日,大雪,6,HIGH SEASON,4.17,5.0,4.0,5.0,4.67,2.48,3.41,3.52,0,0,0,0
2024-12-16,月,大雪,6,HIGH SEASON,4.17,5.0,2.0,5.0,4.0,2.48,3.41,3.3,0,0,0,0
2024-12-17,火,大雪,6,HIGH SEASON,4.17,5.0,2.0,5.0,4.0,2.48,3.41,3.3,0,0,0,0
2024-12-18,水,大雪,6,HIGH SEASON,4.17,5.0,2.0,5.0,4.0,2.48,3.41,3.3,0,0,0,0
2024-12-19,木,大雪,6,HIGH SEASON,4.17,5.0,3.0,5.0,4.33,2.48,3.41,3.41,0,0,0,0
2024-12-20,金,大雪,6,HIGH SEASON,4.17,5.0,4.0,5.0,4.67,2.48,3.41,3.52,0,0,0,0
2024-12-21,土,冬至,3,TOP SEASON,4.67,5.0,5.0,5.0,5.0,2.48,3.41,3.63,0,0,0,0
2024-12-22,日,冬至,3,TOP SEASON,4.67,5.0,4.0,5.0,4.67,2.48,3.41,3.52,0,0,0,0
2024-12-23,月,冬至,3,TOP SEASON,4.67,5.0,2.0,5.0,4.0,2.48,3.41,3.3,0,0,0,0
2024-12-24,火,冬至,3,TOP SEASON,4.67,5.0,2.0,5.0,4.0,2.48,3.41,3.3,0,0,0,0
2024-12-25,水,冬至,3,TOP SEASON,4.67,5.0,2.0,5.0,4.0,2.48,3.41,3.3,0,0,0,0
2024-12-26,木,冬至,3,TOP SEASON,4.67,5.0,3.0,5.0,4.33,2.48,3.41,3.41,0,0,0,0
2024-12-27,金,冬至,3,TOP SEASON,4.67,5.0,4.0,5.0,4.67,2.48,3.41,3.52,0,0,0,0
2024-12-28,土,冬至,3,TOP SEASON,4.67,5.0,5.0,5.0,5.0,2.48,3.41,3.63,0,0,0,0
2024-12-29,日,冬至,3,TOP SEASON,4.67,5.0,4.0,5.0,4.67,2.48,3.41,3.52,0,0,0,0
2024-12-30,月,冬至,3,TOP SEASON,4.67,5.0,2.0,5.0,4.0,2.48,3.41,3.3,0,0,0,0
2024-12-31,火,冬至,3,TOP SEASON,4.67,5.0,2.0,5.0,4.0,2.48,3.41,3.3,0,0,0,0
2025-01-01,水,冬至,3,TOP SEASON,4.67,2.0,2.0,2.0,2.0,2.48,3.41,2.63,0,0,0,0
2025-01-02,木,冬至,3,TOP SEASON,4.67,2.0,3.0,2.0,2.33,2.48,3.41,2.74,0,0,0,0
2025-01-03,金,冬至,3,TOP SEASON,4.67,2.0,4.0,2.0,2.67,2.48,3.41,2.85,0,0,0,0
2025-01-04,土,冬至,3,TOP SEASON,4.67,2.0,5.0,2.0,3.0,2.48,3.41,2.96,0,0,0,0
2025-01-05,日,小寒,22,OFF SEASON,1.5,2.0,4.0,2.0,2.67,2.48,3.41,2.85,0,0,0,0
2025-01-06,月,小寒,22,OFF SEASON,1.5,2.0,2.0,2.0,2.0,2.48,3.41,2.63,0,0,0,0
2025-01-07,火,小寒,22,OFF SEASON,1.5,2.0,2.0,2.0,2.0,2.48,3.41,2.63,0,0,0,0
2025-01-08,水,小寒,22,OFF SEASON,1.5,2.0,2.0,2.0,2.0,2.48,3.41,2.63,0,0,0,0
2025-01-09,木,小寒,22,OFF SEASON,1.5,2.0,3.0,2.0,2.33,2.48,3.41,2.74,0,0,0,0
2025-01-10,金,小寒,22,OFF SEASON,1.5,2.0,4.0,2.0,2.67,2.48,3.41,2.85,0,0,0,0
2025-01-11,土,小寒,22,OFF SEASON,1.5,2.0,5.0,2.0,3.0,2.48,3.41,2.96,0,0,0,0
2025-01-12,日,小寒,22,OFF SEASON,1.5,2.0,4.0,2.0,2.67,2.48,3.41,2.85,0,0,0,0
2025-01-13,月,小寒,22,OFF SEASON,1.5,2.0,2.0,2.0,2.0,2.48,3.41,2.63,0,0,0,0
2025-01-14,火,小寒,22,OFF SEASON,1.5,2.0,2.0,2.0,2.0,2.48,3.41,2.63,0,0,0,0
2025-01-15,水,小寒,22,OFF SEASON,1.5,2.0,2.0,2.0,2.0,2.48,3.41,2.63,0,0,0,0
2025-01-16,木,小寒,22,OFF SEASON,1.5,2.0,3.0,2.0,2.33,2.48,3.41,2.74,0,0,0,0
2025-01-17,金,小寒,22,OFF SEASON,1.5,2.0,4.0,2.0,2.67,2.48,3.41,2.85,0,0,0,0
2025-01-18,土,小寒,22,OFF SEASON,1.5,2.0,5.0,2.0,3.0,2.48,3.41,2.96,0,0,0,0
2025-01-19,日,小寒,22,OFF SEASON,1.5,2.0,4.0,2.0,2.67,2.48,3.41,2.85,0,0,0,0
2025-01-20,月,大寒,21,OFF SEASON,1.67,2.0,2.0,2.0,2.0,2.48,3.41,2.63,0,0,0,0
2025-01-21,火,大寒,21,OFF SEASON,1.67,2.0,2.0,2.0,2.0,2.48,3.41,2.63,0,0,0,0
2025-01-22,水,大寒,21,OFF SEASON,1.67,2.0,2.0,2.0,2.0,2.48,3.41,2.63,0,0,0,0
2025-01-23,木,大寒,21,OFF SEASON,1.67,2.0,3.0,2.0,2.33,2.48,3.41,2.74,0,0,0,0
2025-01-24,金,大寒,21,OFF SEASON,1.67,2.0,4.0,2.0,2.67,2.48,3.41,2.85,0,0,0,0
2025-01-25,土,大寒,21,OFF SEASON,1.67,2.0,5.0,2.0,3.0,2.48,3.41,2.96,0,0,0,0
2025-01-26,日,大寒,21,OFF SEASON,1.67,2.0,4.0,2.0,2.67,2.48,3.41,2.85,0,0,0,0
2025-01-27,月,大寒,21,OFF SEASON,1.67,2.0,2.0,2.0,2.0,2.48,3.41,2.63,0,0,0,0
2025-01-28,火,大寒,21,OFF SEASON,1.67,2.0,2.0,2.0,2.0,2.48,3.41,2.63,0,0,0,0
2025-01-29,水,大寒,21,OFF SEASON,1.67,2.0,2.0,2.0,2.0,2.48,3.41,2.63,0,0,0,0
2025-01-30,木,大寒,21,OFF SEASON,1.67,2.0,3.0,2.0,2.33,2.48,3.41,2.74,0,0,0,0
2025-01-31,金,大寒,21,OFF SEASON,1.67,2.0,4.0,2.0,2.67,2.48,3.41,2.85,0,0,0,0
2025-02-01,土,大寒,21,OFF SEASON,1.67,2.0,5.0,2.0,3.0,2.48,3.41,2.96,0,0,0,0
2025-02-02,日,大寒,21,OFF SEASON,1.67,2.0,4.0,2.0,2.67,2.48,3.41,2.85,0,0,0,0
2025-02-03,月,立春,12,FLOW SEASON,3.17,2.0,2.0,2.0,2.0,2.48,3.41,2.63,0,0,0,0
2025-02-04,火,立春,12,FLOW SEASON,3.17,2.0,2.0,2.0,2.0,2.48,3.41,2.63,0,0,0,0
2025-02-05,水,立春,12,FLOW SEASON,3.17,2.0,2.0,2.0,2.0,2.48,3.41,2.63,0,0,0,0
2025-02-06,木,立春,12,FLOW SEASON,3.17,2.0,3.0,2.0,2.33,2.48,3.41,2.74,0,0,0,0
2025-02-07,金,立春,12,FLOW SEASON,3.17,2.0,4.0,2.0,2.67,2.48,3.41,2.85,0,0,0,0
2025-02-08,土,立春,12,FLOW SEASON,3.17,2.0,5.0,2.0,3.0,2.48,3.41,2.96,0,0,0,0
2025-02-09,日,立春,12,FLOW SEASON,3.17,2.0,4.0,2.0,2.67,2.48,3.41,2.85,0,0,0,0
2025-02-10,月,立春,12,FLOW SEASON,3.17,2.0,2.0,2.0,2.0,2.48,3.41,2.63,0,0,0,0
2025-02-11,火,立春,12,FLOW SEASON,3.17,2.0,2.0,2.0,2.0,2.48,3.41,2.63,0,0,0,0
2025-02-12,水,立春,12,FLOW SEASON,3.17,2.0,2.0,2.0,2.0,2.48,3.41,2.63,0,0,0,0
2025-02-13,木,立春,12,FLOW SEASON,3.17,2.0,3.0,2.0,2.33,2.48,3.41,2.74,0,0,0,0
2025-02-14,金,立春,12,FLOW SEASON,3.17,2.0,4.0,2.0,2.67,2.48,3.41,2.85,0,0,0,0
2025-02-15,土,立春,12,FLOW SEASON,3.17,2.0,5.0,2.0,3.0,2.48,3.41,2.96,0,0,0,0
2025-02-16,日,立春,12,FLOW SEASON,3.17,2.0,4.0,2.0,2.67,2.48,3.41,2.85,0,0,0,0
2025-02-17,月,立春,12,FLOW SEASON,3.17,2.0,2.0,2.0,2.0,2.48,3.41,2.63,0,0,0,0
2025-02-18,火,雨水,20,LOW SEASON,1.83,2.0,2.0,2.0,2.0,2.48,3.41,2.63,0,0,0,0
2025-02-19,水,雨水,20,LOW SEASON,1.83,2.0,2.0,2.0,2.0,2.48,3.41,2.63,0,0,0,0
2025-02-20,木,雨水,20,LOW SEASON,1.83,2.0,3.0,2.0,2.33,2.48,3.41,2.74,0,0,0,0
2025-02-21,金,雨水,20,LOW SEASON,1.83,2.0,4.0,2.0,2.67,2.48,3.41,2.85,0,0,0,0
2025-02-22,土,雨水,20,LOW SEASON,1.83,2.0,5.0,2.0,3.0,2.48,3.41,2.96,0,0,0,0
2025-02-23,日,雨水,20,LOW SEASON,1.83,2.0,4.0,2.0,2.67,2.48,3.41,2.85,0,0,0,0
2025-02-24,月,雨水,20,LOW SEASON,1.83,2.0,2.0,2.0,2.0,2.48,3.41,2.63,0,0,0,0
2025-02-25,火,雨水,20,LOW SEASON,1.83,2.0,2.0,2.0,2.0,2.48,3.41,2.63,0,0,0,0
2025-02-26,水,雨水,20,LOW SEASON,1.83,2.0,2.0,2.0,2.0,2.48,3.41,2.63,0,0,0,0
2025-02-27,木,雨水,20,LOW SEASON,1.83,2.0,3.0,2.0,2.33,2.48,3.41,2.74,0,0,0,0
2025-02-28,金,雨水,20,LOW SEASON,1.83,2.0,4.0,2.0,2.67,2.48,3.41,2.85,0,0,0,0
2025-03-01,土,雨水,20,LOW SEASON,1.83,2.0,5.0,2.0,3.0,2.48,3.41,2.96,0,0,0,0
2025-03-02,日,雨水,20,LOW SEASON,1.83,2.0,4.0,2.0,2.67,2.48,3.41,2.85,0,0,0,0
2025-03-03,月,雨水,20,LOW SEASON,1.83,2.0,2.0,2.0,2.0,2.48,3.41,2.63,0,0,0,0
2025-03-04,火,雨水,20,LOW SEASON,1.83,2.0,2.0,2.0,2.0,2.48,3.41,2.63,0,0,0,0
2025-03-05,水,啓蟄,16,LOW SEASON,2.5,2.0,2.0,2.0,2.0,2.48,3.41,2.63,0,0,0,0
2025-03-06,木,啓蟄,16,LOW SEASON,2.5,2.0,3.0,2.0,2.33,2.48,3.41,2.74,0,0,0,0
2025-03-07,金,啓蟄,16,LOW SEASON,2.5,2.0,4.0,2.0,2.67,2.48,3.41,2.85,0,0,0,0
2025-03-08,土,啓蟄,16,LOW SEASON,2.5,2.0,5.0,2.0,3.0,2.48,3.41,2.96,0,0,0,0
2025-03-09,日,啓蟄,16,LOW SEASON,2.5,2.0,4.0,2.0,2.67,2.48,3.41,2.85,0,0,0,0
2025-03-10,月,啓蟄,16,LOW SEASON,2.5,2.0,2.0,2.0,2.0,2.48,3.41,2.63,0,0,0,0
2025-03-11,火,啓蟄,16,LOW SEASON,2.5,2.0,2.0,2.0,2.0,2.48,3.41,2.63,0,0,0,0
2025-03-12,水,啓蟄,16,LOW SEASON,2.5,2.0,2.0,2.0,2.0,2.48,3.41,2.63,0,0,0,0
2025-03-13,木,啓蟄,16,LOW SEASON,2.5,2.0,3.0,2.0,2.33,2.48,3.41,2.74,0,0,0,0
2025-03-14,金,啓蟄,16,LOW SEASON,2.5,2.0,4.0,2.0,2.67,2.48,3.41,2.85,0,0,0,0
2025-03-15,土,啓蟄,16,LOW SEASON,2.5,2.0,5.0,2.0,3.0,2.48,3.41,2.96,0,0,0,0
2025-03-16,日,啓蟄,16,LOW SEASON,2.5,2.0,4.0,2.0,2.67,2.48,3.41,2.85,0,0,0,0
2025-03-17,月,啓蟄,16,LOW SEASON,2.5,2.0,2.0,2.0,2.0,2.48,3.41,2.63,0,0,0,0
2025-03-18,火,啓蟄,16,LOW SEASON,2.5,2.0,2.0,2.0,2.0,2.48,3.41,2.63,0,0,0,0
2025-03-19,水,啓蟄,16,LOW SEASON,2.5,2.0,2.0,2.0,2.0,2.48,3.41,2.63,0,0,0,0
2025-03-20,木,春分,17,LOW SEASON,2.33,2.0,3.0,2.0,2.33,2.48,3.41,2.74,0,0,0,0
2025-03-21,金,春分,17,LOW SEASON,2.33,2.0,4.0,2.0,2.67,2.48,3.41,2.85,0,0,0,0
2025-03-22,土,春分,17,LOW SEASON,2.33,2.0,5.0,2.0,3.0,2.48,3.41,2.96,0,0,0,0
2025-03-23,日,春分,17,LOW SEASON,2.33,2.0,4.0,2.0,2.67,2.48,3.41,2.85,0,0,0,0
2025-03-24,月,春分,17,LOW SEASON,2.33,2.0,2.0,2.0,2.0,2.48,3.41,2.63,0,0,0,0
2025-03-25,火,春分,17,LOW SEASON,2.33,2.0,2.0,2.0,2.0,2.48,3.41,2.63,0,0,0,0
2025-03-26,水,春分,17,LOW SEASON,2.33,2.0,2.0,2.0,2.0,2.48,3.41,2.63,0,0,0,0
2025-03-27,木,春分,17,LOW SEASON,2.33,2.0,3.0,2.0,2.33,2.48,3.41,2.74,0,0,0,0
2025-03-28,金,春分,17,LOW SEASON,2.33,2.0,4.0,2.0,2.67,2.48,3.41,2.85,0,0,0,0
2025-03-29,土,春分,17,LOW SEASON,2.33,2.0,5.0,2.0,3.0,2.48,3.41,2.96,0,0,0,0
2025-03-30,日,春分,17,LOW SEASON,2.33,2.0,4.0,2.0,2.67,2.48,3.41,2.85,0,0,0,0
2025-03-31,月,春分,17,LOW SEASON,2.33,2.0,2.0,2.0,2.0,2.48,3.41,2.63,0,0,0,0
2025-04-01,火,春分,17,LOW SEASON,2.33,2.0,2.0,2.0,2.0,2.48,3.41,2.63,0,0,0,0
2025-04-02,水,春分,17,LOW SEASON,2.33,2.0,2.0,2.0,2.0,2.48,3.41,2.63,0,0,0,0
2025-04-03,木,春分,17,LOW SEASON,2.33,2.0,3.0,2.0,2.33,2.48,3.41,2.74,0,0,0,0
2025-04-04,金,清明,24,OFF SEASON,1.17,2.0,4.0,2.0,2.67,2.48,3.41,2.85,0,0,0,0
2025-04-05,土,清明,24,OFF SEASON,1.17,2.0,5.0,2.0,3.0,2.48,3.41,2.96,0,0,0,0
2025-04-06,日,清明,24,OFF SEASON,1.17,2.0,4.0,2.0,2.67,2.48,3.41,2.85,0,0,0,0
2025-04-07,月,清明,24,OFF SEASON,1.17,2.0,2.0,2.0,2.0,2.48,3.41,2.63,0,0,0,0
2025-04-08,火,清明,24,OFF SEASON,1.17,2.0,2.0,2.0,2.0,2.48,3.41,2.63,0,0,0,0
2025-04-09,水,清明,24,OFF SEASON,1.17,2.0,2.0,2.0,2.0,2.48,3.41,2.63,0,0,0,0
2025-04-10,木,清明,24,OFF SEASON,1.17,2.0,3.0,2.0,2.33,2.48,3.41,2.74,0,0,0,0
2025-04-11,金,清明,24,OFF SEASON,1.17,2.0,4.0,2.0,2.67,2.48,3.41,2.85,0,0,0,0
2025-04-12,土,清明,24,OFF SEASON,1.17,2.0,5.0,2.0,3.0,2.48,3.41,2.96,0,0,0,0
2025-04-13,日,清明,24,OFF SEASON,1.17,2.0,4.0,2.0,2.67,2.48,3.41,2.85,0,0,0,0
2025-04-14,月,清明,24,OFF SEASON,1.17,2.0,2.0,2.0,2.0,2.48,3.41,2.63,0,0,0,0
2025-04-15,火,清明,24,OFF SEASON,1.17,2.0,2.0,2.0,2.0,2.48,3.41,2.63,0,0,0,0
2025-04-16,水,清明,24,OFF SEASON,1.17,2.0,2.0,2.0,2.0,2.48,3.41,2.63,0,0,0,0
2025-04-17,木,清明,24,OFF SEASON,1.17,2.0,3.0,2.0,2.33,2.48,3.41,2.74,0,0,0,0
2025-04-18,金,清明,24,OFF SEASON,1.17,2.0,4.0,2.0,2.67,2.48,3.41,2.85,0,0,0,0
2025-04-19,土,清明,24,OFF SEASON,1.17,2.0,5.0,2.0,3.0,2.48,3.41,2.96,0,0,0,0
2025-04-20,日,穀雨,18,LOW SEASON,2.17,2.0,4.0,2.0,2.67,2.48,3.41,2.85,0,0,0,0
2025-04-21,月,穀雨,18,LOW SEASON,2.17,2.0,2.0,2.0,2.0,2.48,3.41,2.63,0,0,0,0
2025-04-22,火,穀雨,18,LOW SEASON,2.17,2.0,2.0,2.0,2.0,2.48,3.41,2.63,0,0,0,0
2025-04-23,水,穀雨,18,LOW SEASON,2.17,2.0,2.0,2.0,2.0,2.48,3.41,2.63,0,0,0,0
2025-04-24,木,穀雨,18,LOW SEASON,2.17,2.0,3.0,2.0,2.33,2.48,3.41,2.74,0,0,0,0
2025-04-25,金,穀雨,18,LOW SEASON,2.17,2.0,4.0,2.0,2.67,2.48,3.41,2.85,0,0,0,0
2025-04-26,土,穀雨,18,LOW SEASON,2.17,2.0,5.0,2.0,3.0,2.48,3.41,2.96,0,0,0,0
2025-04-27,日,穀雨,18,LOW SEASON,2.17,2.0,4.0,2.0,2.67,2.48,3.41,2.85,0,0,0,0
2025-04-28,月,穀雨,18,LOW SEASON,2.17,2.0,2.0,2.0,2.0,2.48,3.41,2.63,0,0,0,0
2025-04-29,火,穀雨,18,LOW SEASON,2.17,2.0,2.0,2.0,2.0,2.48,3.41,2.63,0,0,0,0
2025-04-30,水,穀雨,18,LOW SEASON,2.17,2.0,2.0,2.0,2.0,2.48,3.41,2.63,0,0,0,0
2025-05-01,木,穀雨,18,LOW SEASON,2.17,3.0,3.0,3.0,3.0,2.48,3.41,2.96,0,0,0,0
2025-05-02,金,穀雨,18,LOW SEASON,2.17,3.0,4.0,3.0,3.33,2.48,3.41,3.07,0,0,0,0
2025-05-03,土,穀雨,18,LOW SEASON,2.17,3.0,5.0,3.0,3.67,2.48,3.41,3.19,0,0,0,0
2025-05-04,日,穀雨,18,LOW SEASON,2.17,3.0,4.0,3.0,3.33,2.48,3.41,3.07,0,0,0,0
2025-05-05,月,立夏,13,FLOW SEASON,3.0,3.0,2.0,3.0,2.67,2.48,3.41,2.85,0,0,0,0
2025-05-06,火,立夏,13,FLOW SEASON,3.0,3.0,2.0,3.0,2.67,2.48,3.41,2.85,0,0,0,0
2025-05-07,水,立夏,13,FLOW SEASON,3.0,3.0,2.0,3.0,2.67,2.48,3.41,2.85,0,0,0,0
2025-05-08,木,立夏,13,FLOW SEASON,3.0,3.0,3.0,3.0,3.0,2.48,3.41,2.96,0,0,0,0
2025-05-09,金,立夏,13,FLOW SEASON,3.0,3.0,4.0,3.0,3.33,2.48,3.41,3.07,0,0,0,0
2025-05-10,土,立夏,13,FLOW SEASON,3.0,3.0,5.0,3.0,3.67,2.48,3.41,3.19,0,0,0,0
2025-05-11,日,立夏,13,FLOW SEASON,3.0,3.0,4.0,3.0,3.33,2.48,3.41,3.07,0,0,0,0
2025-05-12,月,立夏,13,FLOW SEASON,3.0,3.0,2.0,3.0,2.67,2.48,3.41,2.85,0,0,0,81
2025-05-13,火,立夏,13,FLOW SEASON,3.0,3.0,2.0,3.0,2.67,2.48,3.41,2.85,0,0,0,74
2025-05-14,水,立夏,13,FLOW SEASON,3.0,3.0,2.0,3.0,2.67,2.48,3.41,2.85,0,0,0,48
2025-05-15,木,立夏,13,FLOW SEASON,3.0,3.0,3.0,3.0,3.0,2.48,3.41,2.96,0,0,0,55
2025-05-16,金,立夏,13,FLOW SEASON,3.0,3.0,4.0,3.0,3.33,2.48,3.41,3.07,0,0,0,114
2025-05-17,土,立夏,13,FLOW SEASON,3.0,3.0,5.0,3.0,3.67,2.48,3.41,3.19,0,0,0,79
2025-05-18,日,立夏,13,FLOW SEASON,3.0,3.0,4.0,3.0,3.33,2.48,3.41,3.07,0,0,0,86
2025-05-19,月,立夏,13,FLOW SEASON,3.0,3.0,2.0,3.0,2.67,2.48,3.41,2.85,0,0,0,45
2025-05-20,火,立夏,13,FLOW SEASON,3.0,3.0,2.0,3.0,2.67,2.48,3.41,2.85,0,0,0,63
2025-05-21,水,小満,14,FLOW SEASON,2.83,3.0,2.0,3.0,2.67,2.48,3.41,2.85,0,0,0,59
2025-05-22,木,小満,14,FLOW SEASON,2.83,3.0,3.0,3.0,3.0,2.48,3.41,2.96,0,0,0,53
2025-05-23,金,小満,14,FLOW SEASON,2.83,3.0,4.0,3.0,3.33,2.48,3.41,3.07,0,0,0,137
2025-05-24,土,小満,14,FLOW SEASON,2.83,3.0,5.0,3.0,3.67,2.48,3.41,3.19,0,0,0,82
2025-05-25,日,小満,14,FLOW SEASON,2.83,3.0,4.0,3.0,3.33,2.48,3.41,3.07,0,0,0,79
2025-05-26,月,小満,14,FLOW SEASON,2.83,3.0,2.0,3.0,2.67,2.48,3.41,2.85,0,0,0,49
2025-05-27,火,小満,14,FLOW SEASON,2.83,3.0,2.0,3.0,2.67,2.48,3.41,2.85,0,0,0,59
2025-05-28,水,小満,14,FLOW SEASON,2.83,3.0,2.0,3.0,2.67,2.48,3.41,2.85,0,0,0,75
2025-05-29,木,小満,14,FLOW SEASON,2.83,3.0,3.0,3.0,3.0,2.48,3.41,2.96,0,0,0,98
2025-05-30,金,小満,14,FLOW SEASON,2.83,3.0,4.0,3.0,3.33,2.48,3.41,3.07,0,0,0,158
2025-05-31,土,小満,14,FLOW SEASON,2.83,3.0,5.0,3.0,3.67,2.48,3.41,3.19,0,0,0,81
2025-06-01,日,小満,14,FLOW SEASON,2.83,3.0,4.0,3.0,3.33,2.4,2.78,2.84,0,0,0,73
2025-06-02,月,小満,14,FLOW SEASON,2.83,3.0,2.0,3.0,2.67,2.4,2.78,2.62,0,0,0,63
2025-06-03,火,小満,14,FLOW SEASON,2.83,3.0,2.0,3.0,2.67,2.4,2.78,2.62,0,0,0,48
2025-06-04,水,小満,14,FLOW SEASON,2.83,3.0,2.0,3.0,2.67,2.4,2.78,2.62,0,0,0,75
2025-06-05,木,芒種,10,HIGH SEASON,3.5,3.0,3.0,3.0,3.0,2.4,2.78,2.73,0,0,0,75
2025-06-06,金,芒種,10,HIGH SEASON,3.5,3.0,4.0,3.0,3.33,2.4,2.78,2.84,0,0,0,116
2025-06-07,土,芒種,10,HIGH SEASON,3.5,3.0,5.0,3.0,3.67,2.4,2.78,2.95,0,0,0,117
2025-06-08,日,芒種,10,HIGH SEASON,3.5,3.0,4.0,3.0,3.33,2.4,2.78,2.84,0,0,0,123
2025-06-09,月,芒種,10,HIGH SEASON,3.5,3.0,2.0,3.0,2.67,2.4,2.78,2.62,0,0,0,71
2025-06-10,火,芒種,10,HIGH SEASON,3.5,3.0,2.0,3.0,2.67,2.4,2.78,2.62,0,0,0,55
2025-06-11,水,芒種,10,HIGH SEASON,3.5,3.0,2.0,3.0,2.67,2.4,2.78,2.62,0,0,0,69
2025-06-12,木,芒種,10,HIGH SEASON,3.5,3.0,3.0,3.0,3.0,2.4,2.78,2.73,0,0,184140,78
2025-06-13,金,芒種,10,HIGH SEASON,3.5,3.0,4.0,3.0,3.33,2.4,2.78,2.84,0,0,115720,136
2025-06-14,土,芒種,10,HIGH SEASON,3.5,3.0,5.0,3.0,3.67,2.4,2.78,2.95,0,0,392310,125
2025-06-15,日,芒種,10,HIGH SEASON,3.5,3.0,4.0,3.0,3.33,2.4,2.78,2.84,0,0,279950,120
2025-06-16,月,芒種,10,HIGH SEASON,3.5,3.0,2.0,3.0,2.67,2.4,2.78,2.62,0,0,81840,59
2025-06-17,火,芒種,10,HIGH SEASON,3.5,3.0,2.0,3.0,2.67,2.4,2.78,2.62,0,0,18480,68
2025-06-18,水,芒種,10,HIGH SEASON,3.5,3.0,2.0,3.0,2.67,2.4,2.78,2.62,0,0,84590,83
2025-06-19,木,芒種,10,HIGH SEASON,3.5,3.0,3.0,3.0,3.0,2.4,2.78,2.73,184140,78,126500,82
2025-06-20,金,芒種,10,HIGH SEASON,3.5,3.0,4.0,3.0,3.33,2.4,2.78,2.84,115720,136,361350,167
2025-06-21,土,夏至,7,HIGH SEASON,4.0,3.0,5.0,3.0,3.67,2.4,2.78,2.95,392310,125,400430,117
2025-06-22,日,夏至,7,HIGH SEASON,4.0,3.0,4.0,3.0,3.33,2.4,2.78,2.84,279950,120,179030,101
2025-06-23,月,夏至,7,HIGH SEASON,4.0,3.0,2.0,3.0,2.67,2.4,2.78,2.62,81840,59,310860,51
2025-06-24,火,夏至,7,HIGH SEASON,4.0,3.0,2.0,3.0,2.67,2.4,2.78,2.62,18480,68,127990,77
2025-06-25,水,夏至,7,HIGH SEASON,4.0,3.0,2.0,3.0,2.67,2.4,2.78,2.62,84590,83,322860,69
2025-06-26,木,夏至,7,HIGH SEASON,4.0,3.0,3.0,3.0,3.0,2.4,2.78,2.73,155320,80,70510,63
2025-06-27,金,夏至,7,HIGH SEASON,4.0,3.0,4.0,3.0,3.33,2.4,2.78,2.84,238535,151,366870,131
2025-06-28,土,夏至,7,HIGH SEASON,4.0,3.0,5.0,3.0,3.67,2.4,2.78,2.95,396370,121,417890,122
2025-06-29,日,夏至,7,HIGH SEASON,4.0,3.0,4.0,3.0,3.33,2.4,2.78,2.84,229490,110,190740,118
2025-06-30,月,夏至,7,HIGH SEASON,4.0,3.0,2.0,3.0,2.67,2.4,2.78,2.62,196350,55,146410,68
2025-07-01,火,夏至,7,HIGH SEASON,4.0,4.0,2.0,4.0,3.33,2.48,4.66,3.49,0,0,121000,66
2025-07-02,水,夏至,7,HIGH SEASON,4.0,4.0,2.0,4.0,3.33,2.48,4.66,3.49,0,0,138160,75
2025-07-03,木,夏至,7,HIGH SEASON,4.0,4.0,3.0,4.0,3.67,2.48,4.66,3.6,0,0,326900,90
2025-07-04,金,夏至,7,HIGH SEASON,4.0,4.0,4.0,4.0,4.0,2.48,4.66,3.71,0,0,175120,113
2025-07-05,土,夏至,7,HIGH SEASON,4.0,4.0,5.0,4.0,4.33,2.48,4.66,3.82,0,0,262580,139
2025-07-06,日,夏至,7,HIGH SEASON,4.0,4.0,4.0,4.0,4.0,2.48,4.66,3.71,0,0,137170,108
2025-07-07,月,小暑,4,TOP SEASON,4.5,4.0,2.0,4.0,3.33,2.48,4.66,3.49,0,0,293040,98
2025-07-08,火,小暑,4,TOP SEASON,4.5,4.0,2.0,4.0,3.33,2.48,4.66,3.49,121000,66,387640,82
2025-07-09,水,小暑,4,TOP SEASON,4.5,4.0,2.0,4.0,3.33,2.48,4.66,3.49,138160,75,242220,101
2025-07-10,木,小暑,4,TOP SEASON,4.5,4.0,3.0,4.0,3.67,2.48,4.66,3.6,326900,90,111540,81
2025-07-11,金,小暑,4,TOP SEASON,4.5,4.0,4.0,4.0,4.0,2.48,4.66,3.71,175120,113,269500,163
2025-07-12,土,小暑,4,TOP SEASON,4.5,4.0,5.0,4.0,4.33,2.48,4.66,3.82,262580,139,113630,136
2025-07-13,日,小暑,4,TOP SEASON,4.5,4.0,4.0,4.0,4.0,2.48,4.66,3.71,137170,108,173470,118
2025-07-14,月,小暑,4,TOP SEASON,4.5,4.0,2.0,4.0,3.33,2.48,4.66,3.49,293040,98,268620,77
2025-07-15,火,小暑,4,TOP SEASON,4.5,4.0,2.0,4.0,3.33,2.48,4.66,3.49,254320,74,366250,101
2025-07-16,水,小暑,4,TOP SEASON,4.5,4.0,2.0,4.0,3.33,2.48,4.66,3.49,190190,88,267940,112
2025-07-17,木,小暑,4,TOP SEASON,4.5,4.0,3.0,4.0,3.67,2.48,4.66,3.6,219220,85,293590,110
2025-07-18,金,小暑,4,TOP SEASON,4.5,4.0,4.0,4.0,4.0,2.48,4.66,3.71,222310,138,99770,114
2025-07-19,土,小暑,4,TOP SEASON,4.5,4.0,5.0,4.0,4.33,2.48,4.66,3.82,188105,137,292820,139
2025-07-20,日,小暑,4,TOP SEASON,4.5,4.0,4.0,4.0,4.0,2.48,4.66,3.71,155320,113,374440,120
2025-07-21,月,小暑,4,TOP SEASON,4.5,4.0,2.0,4.0,3.33,2.48,4.66,3.49,280830,87,81730,110
2025-07-22,火,大暑,9,HIGH SEASON,3.67,4.0,2.0,4.0,3.33,2.48,4.66,3.49,291630,83,78980,64
2025-07-23,水,大暑,9,HIGH SEASON,3.67,4.0,2.0,4.0,3.33,2.48,4.66,3.49,216106,96,120670,76
2025-07-24,木,大暑,9,HIGH SEASON,3.67,4.0,3.0,4.0,3.67,2.48,4.66,3.6,244010,93,295130,84
2025-07-25,金,大暑,9,HIGH SEASON,3.67,4.0,4.0,4.0,4.0,2.48,4.66,3.71,181463,130,144320,301
2025-07-26,土,大暑,9,HIGH SEASON,3.67,4.0,5.0,4.0,4.33,2.48,4.66,3.82,223010,138,332860,144
2025-07-27,日,大暑,9,HIGH SEASON,3.67,4.0,4.0,4.0,4.0,2.48,4.66,3.71,228360,115,461640,148
2025-07-28,月,大暑,9,HIGH SEASON,3.67,4.0,2.0,4.0,3.33,2.48,4.66,3.49,214463,95,231440,88
2025-07-29,火,大暑,9,HIGH SEASON,3.67,4.0,2.0,4.0,3.33,2.48,4.66,3.49,238467,78,233530,73
2025-07-30,水,大暑,9,HIGH SEASON,3.67,4.0,2.0,4.0,3.33,2.48,4.66,3.49,192247,91,129030,100
2025-07-31,木,大暑,9,HIGH SEASON,3.67,4.0,3.0,4.0,3.67,2.48,4.66,3.6,256790,91,165880,100
2025-08-01,金,大暑,9,HIGH SEASON,3.67,4.0,4.0,4.0,4.0,2.93,5.0,3.98,0,0,106700,128
2025-08-02,土,大暑,9,HIGH SEASON,3.67,4.0,5.0,4.0,4.33,2.93,5.0,4.09,0,0,200420,127
2025-08-03,日,大暑,9,HIGH SEASON,3.67,4.0,4.0,4.0,4.0,2.93,5.0,3.98,0,0,97680,116
2025-08-04,月,大暑,9,HIGH SEASON,3.67,4.0,2.0,4.0,3.33,2.93,5.0,3.75,0,0,43560,67
2025-08-05,火,大暑,9,HIGH SEASON,3.67,4.0,2.0,4.0,3.33,2.93,5.0,3.75,0,0,250030,106
2025-08-06,水,大暑,9,HIGH SEASON,3.67,4.0,2.0,4.0,3.33,2.93,5.0,3.75,0,0,488180,124
2025-08-07,木,立秋,2,TOP SEASON,4.83,4.0,3.0,4.0,3.67,2.93,5.0,3.87,0,0,231610,100
2025-08-08,金,立秋,2,TOP SEASON,4.83,4.0,4.0,4.0,4.0,2.93,5.0,3.98,106700,128,284900,314
2025-08-09,土,立秋,2,TOP SEASON,4.83,4.0,5.0,4.0,4.33,2.93,5.0,4.09,200420,127,555820,127
2025-08-10,日,立秋,2,TOP SEASON,4.83,4.0,4.0,4.0,4.0,2.93,5.0,3.98,97680,116,522500,99
2025-08-11,月,立秋,2,TOP SEASON,4.83,4.0,2.0,4.0,3.33,2.93,5.0,3.75,43560,67,168070,97
2025-08-12,火,立秋,2,TOP SEASON,4.83,4.0,2.0,4.0,3.33,2.93,5.0,3.75,250030,106,366080,141
2025-08-13,水,立秋,2,TOP SEASON,4.83,4.0,2.0,4.0,3.33,2.93,5.0,3.75,488180,124,173690,109
2025-08-14,木,立秋,2,TOP SEASON,4.83,4.0,3.0,4.0,3.67,2.93,5.0,3.87,231610,100,376420,103
2025-08-15,金,立秋,2,TOP SEASON,4.83,4.0,4.0,4.0,4.0,2.93,5.0,3.98,195800,221,209660,146
2025-08-16,土,立秋,2,TOP SEASON,4.83,4.0,5.0,4.0,4.33,2.93,5.0,4.09,378120,127,249150,97
2025-08-17,日,立秋,2,TOP SEASON,4.83,4.0,4.0,4.0,4.0,2.93,5.0,3.98,310090,107,243980,116
2025-08-18,月,立秋,2,TOP SEASON,4.83,4.0,2.0,4.0,3.33,2.93,5.0,3.75,105815,82,51590,60
2025-08-19,火,立秋,2,TOP SEASON,4.83,4.0,2.0,4.0,3.33,2.93,5.0,3.75,308055,123,180840,81
2025-08-20,水,立秋,2,TOP SEASON,4.83,4.0,2.0,4.0,3.33,2.93,5.0,3.75,330935,116,351450,101
2025-08-21,木,立秋,2,TOP SEASON,4.83,4.0,3.0,4.0,3.67,2.93,5.0,3.87,304015,101,245190,80
2025-08-22,金,立秋,2,TOP SEASON,4.83,4.0,4.0,4.0,4.0,2.93,5.0,3.98,200420,196,280830,112
2025-08-23,土,処暑,5,TOP SEASON,4.33,4.0,5.0,4.0,4.33,2.93,5.0,4.09,335130,117,535200,147
2025-08-24,日,処暑,5,TOP SEASON,4.33,4.0,4.0,4.0,4.0,2.93,5.0,3.98,288053,110,322410,131
2025-08-25,月,処暑,5,TOP SEASON,4.33,4.0,2.0,4.0,3.33,2.93,5.0,3.75,87740,74,273680,60
2025-08-26,火,処暑,5,TOP SEASON,4.33,4.0,2.0,4.0,3.33,2.93,5.0,3.75,265650,109,170720,62
2025-08-27,水,処暑,5,TOP SEASON,4.33,4.0,2.0,4.0,3.33,2.93,5.0,3.75,337773,111,70510,70
2025-08-28,木,処暑,5,TOP SEASON,4.33,4.0,3.0,4.0,3.67,2.93,5.0,3.87,284406,94,48290,84
2025-08-29,金,処暑,5,TOP SEASON,4.33,4.0,4.0,4.0,4.0,2.93,5.0,3.98,220522,175,231110,137
2025-08-30,土,処暑,5,TOP SEASON,4.33,4.0,5.0,4.0,4.33,2.93,5.0,4.09,385147,124,262870,126
2025-08-31,日,処暑,5,TOP SEASON,4.33,4.0,4.0,4.0,4.0,2.93,5.0,3.98,296642,115,335580,142
2025-09-01,月,処暑,5,TOP SEASON,4.33,4.0,2.0,4.0,3.33,2.03,1.0,2.12,0,0,47110,39
2025-09-02,火,処暑,5,TOP SEASON,4.33,4.0,2.0,4.0,3.33,2.03,1.0,2.12,0,0,73480,53
2025-09-03,水,処暑,5,TOP SEASON,4.33,4.0,2.0,4.0,3.33,2.03,1.0,2.12,0,0,112420,59
2025-09-04,木,処暑,5,TOP SEASON,4.33,4.0,3.0,4.0,3.67,2.03,1.0,2.23,0,0,113490,81
2025-09-05,金,処暑,5,TOP SEASON,4.33,4.0,4.0,4.0,4.0,2.03,1.0,2.34,0,0,51700,125
2025-09-06,土,処暑,5,TOP SEASON,4.33,4.0,5.0,4.0,4.33,2.03,1.0,2.45,0,0,406230,108
2025-09-07,日,白露,1,TOP SEASON,5.0,4.0,4.0,4.0,4.0,2.03,1.0,2.34,0,0,142670,93
2025-09-08,月,白露,1,TOP SEASON,5.0,4.0,2.0,4.0,3.33,2.03,1.0,2.12,47110,39,31570,70
2025-09-09,火,白露,1,TOP SEASON,5.0,4.0,2.0,4.0,3.33,2.03,1.0,2.12,73480,53,96250,59
2025-09-10,水,白露,1,TOP SEASON,5.0,4.0,2.0,4.0,3.33,2.03,1.0,2.12,112420,59,148280,91
2025-09-11,木,白露,1,TOP SEASON,5.0,4.0,3.0,4.0,3.67,2.03,1.0,2.23,113490,81,198920,81
2025-09-12,金,白露,1,TOP SEASON,5.0,4.0,4.0,4.0,4.0,2.03,1.0,2.34,51700,125,372720,107
2025-09-13,土,白露,1,TOP SEASON,5.0,4.0,5.0,4.0,4.33,2.03,1.0,2.45,406230,108,479380,87
2025-09-14,日,白露,1,TOP SEASON,5.0,4.0,4.0,4.0,4.0,2.03,1.0,2.34,142670,93,355770,120
2025-09-15,月,白露,1,TOP SEASON,5.0,4.0,2.0,4.0,3.33,2.03,1.0,2.12,39340,54,370490,73
2025-09-16,火,白露,1,TOP SEASON,5.0,4.0,2.0,4.0,3.33,2.03,1.0,2.12,84865,56,158600,60
2025-09-17,水,白露,1,TOP SEASON,5.0,4.0,2.0,4.0,3.33,2.03,1.0,2.12,130350,75,157300,72
2025-09-18,木,白露,1,TOP SEASON,5.0,4.0,3.0,4.0,3.67,2.03,1.0,2.23,156205,81,40810,65
2025-09-19,金,白露,1,TOP SEASON,5.0,4.0,4.0,4.0,4.0,2.03,1.0,2.34,212210,116,182160,117
2025-09-20,土,白露,1,TOP SEASON,5.0,4.0,5.0,4.0,4.33,2.03,1.0,2.45,442805,97,386020,122
2025-09-21,日,白露,1,TOP SEASON,5.0,4.0,4.0,4.0,4.0,2.03,1.0,2.34,249220,106,277430,87
2025-09-22,月,白露,1,TOP SEASON,5.0,4.0,2.0,4.0,3.33,2.03,1.0,2.12,149723,60,138160,61
2025-09-23,火,秋分,8,HIGH SEASON,3.83,4.0,2.0,4.0,3.33,2.03,1.0,2.12,109443,57,117740,64
2025-09-24,水,秋分,8,HIGH SEASON,3.83,4.0,2.0,4.0,3.33,2.03,1.0,2.12,139333,74,257740,61
2025-09-25,木,秋分,8,HIGH SEASON,3.83,4.0,3.0,4.0,3.67,2.03,1.0,2.23,117740,75,249280,90
2025-09-26,金,秋分,8,HIGH SEASON,3.83,4.0,4.0,4.0,4.0,2.03,1.0,2.34,202193,116,191350,143
2025-09-27,土,秋分,8,HIGH SEASON,3.83,4.0,5.0,4.0,4.33,2.03,1.0,2.45,423876,105,155040,92
2025-09-28,日,秋分,8,HIGH SEASON,3.83,4.0,4.0,4.0,4.0,2.03,1.0,2.34,258623,100,187120,92
2025-09-29,月,秋分,8,HIGH SEASON,3.83,4.0,2.0,4.0,3.33,2.03,1.0,2.12,146832,60,191160,64
2025-09-30,火,秋分,8,HIGH SEASON,3.83,4.0,2.0,4.0,3.33,2.03,1.0,2.12,111517,59,142120,60
2025-10-01,水,秋分,8,HIGH SEASON,3.83,4.0,2.0,4.0,3.33,1.68,3.15,2.72,0,0,82070,46
2025-10-02,木,秋分,8,HIGH SEASON,3.83,4.0,3.0,4.0,3.67,1.68,3.15,2.83,0,0,139660,83
2025-10-03,金,秋分,8,HIGH SEASON,3.83,4.0,4.0,4.0,4.0,1.68,3.15,2.94,0,0,83940,152
2025-10-04,土,秋分,8,HIGH SEASON,3.83,4.0,5.0,4.0,4.33,1.68,3.15,3.05,0,0,354810,129
2025-10-05,日,秋分,8,HIGH SEASON,3.83,4.0,4.0,4.0,4.0,1.68,3.15,2.94,0,0,120760,99
2025-10-06,月,秋分,8,HIGH SEASON,3.83,4.0,2.0,4.0,3.33,1.68,3.15,2.72,0,0,98580,77
2025-10-07,火,秋分,8,HIGH SEASON,3.83,4.0,2.0,4.0,3.33,1.68,3.15,2.72,0,0,114730,75
2025-10-08,水,寒露,11,FLOW SEASON,3.33,4.0,2.0,4.0,3.33,1.68,3.15,2.72,82070,46,417730,79
2025-10-09,木,寒露,11,FLOW SEASON,3.33,4.0,3.0,4.0,3.67,1.68,3.15,2.83,139660,83,118250,72
2025-10-10,金,寒露,11,FLOW SEASON,3.33,4.0,4.0,4.0,4.0,1.68,3.15,2.94,83940,152,252400,112
2025-10-11,土,寒露,11,FLOW SEASON,3.33,4.0,5.0,4.0,4.33,1.68,3.15,3.05,354810,129,187370,135
2025-10-12,日,寒露,11,FLOW SEASON,3.33,4.0,4.0,4.0,4.0,1.68,3.15,2.94,120760,99,508100,174
2025-10-13,月,寒露,11,FLOW SEASON,3.33,4.0,2.0,4.0,3.33,1.68,3.15,2.72,98580,77,220180,120
2025-10-14,火,寒露,11,FLOW SEASON,3.33,4.0,2.0,4.0,3.33,1.68,3.15,2.72,114730,75,124280,62
2025-10-15,水,寒露,11,FLOW SEASON,3.33,4.0,2.0,4.0,3.33,1.68,3.15,2.72,249900,62,221190,95
2025-10-16,木,寒露,11,FLOW SEASON,3.33,4.0,3.0,4.0,3.67,1.68,3.15,2.83,128955,77,39700,90
2025-10-17,金,寒露,11,FLOW SEASON,3.33,4.0,4.0,4.0,4.0,1.68,3.15,2.94,168170,132,90550,112
2025-10-18,土,寒露,11,FLOW SEASON,3.33,4.0,5.0,4.0,4.33,1.68,3.15,3.05,271090,132,185630,114
2025-10-19,日,寒露,11,FLOW SEASON,3.33,4.0,4.0,4.0,4.0,1.68,3.15,2.94,314430,136,182500,107
2025-10-20,月,寒露,11,FLOW SEASON,3.33,4.0,2.0,4.0,3.33,1.68,3.15,2.72,159380,98,165930,93
2025-10-21,火,寒露,11,FLOW SEASON,3.33,4.0,2.0,4.0,3.33,1.68,3.15,2.72,119505,68,201630,88
2025-10-22,水,寒露,11,FLOW SEASON,3.33,4.0,2.0,4.0,3.33,1.68,3.15,2.72,240330,73,97680,81
2025-10-23,木,霜降,15,FLOW SEASON,2.67,4.0,3.0,4.0,3.67,1.68,3.15,2.83,99203,81,119240,84
2025-10-24,金,霜降,15,FLOW SEASON,2.67,4.0,4.0,4.0,4.0,1.68,3.15,2.94,142296,125,155270,137
2025-10-25,土,霜降,15,FLOW SEASON,2.67,4.0,5.0,4.0,4.33,1.68,3.15,3.05,242603,126,140110,124
2025-10-26,日,霜降,15,FLOW SEASON,2.67,4.0,4.0,4.0,4.0,1.68,3.15,2.94,270453,126,201190,101
2025-10-27,月,霜降,15,FLOW SEASON,2.67,4.0,2.0,4.0,3.33,1.68,3.15,2.72,161563,96,47470,61
2025-10-28,火,霜降,15,FLOW SEASON,2.67,4.0,2.0,4.0,3.33,1.68,3.15,2.72,146880,75,195670,78
2025-10-29,水,霜降,15,FLOW SEASON,2.67,4.0,2.0,4.0,3.33,1.68,3.15,2.72,204667,75,136180,78
2025-10-30,木,霜降,15,FLOW SEASON,2.67,4.0,3.0,4.0,3.67,1.68,3.15,2.83,104212,82,156530,95
2025-10-31,金,霜降,15,FLOW SEASON,2.67,4.0,4.0,4.0,4.0,1.68,3.15,2.94,145540,128,123390,126
2025-11-01,土,霜降,15,FLOW SEASON,2.67,3.0,5.0,3.0,3.67,2.53,2.81,3.0,0,0,367510,96
2025-11-02,日,霜降,15,FLOW SEASON,2.67,3.0,4.0,3.0,3.33,2.53,2.81,2.89,0,0,186450,118
2025-11-03,月,霜降,15,FLOW SEASON,2.67,3.0,2.0,3.0,2.67,2.53,2.81,2.67,0,0,263340,111
2025-11-04,火,霜降,15,FLOW SEASON,2.67,3.0,2.0,3.0,2.67,2.53,2.81,2.67,0,0,390000,74
2025-11-05,水,霜降,15,FLOW SEASON,2.67,3.0,2.0,3.0,2.67,2.53,2.81,2.67,0,0,162140,63
2025-11-06,木,霜降,15,FLOW SEASON,2.67,3.0,3.0,3.0,3.0,2.53,2.81,2.78,0,0,33880,57
2025-11-07,金,立冬,23,OFF SEASON,1.33,3.0,4.0,3.0,3.33,2.53,2.81,2.89,0,0,139920,127
2025-11-08,土,立冬,23,OFF SEASON,1.33,3.0,5.0,3.0,3.67,2.53,2.81,3.0,367510,96,315120,109
2025-11-09,日,立冬,23,OFF SEASON,1.33,3.0,4.0,3.0,3.33,2.53,2.81,2.89,186450,118,155540,91
2025-11-10,月,立冬,23,OFF SEASON,1.33,3.0,2.0,3.0,2.67,2.53,2.81,2.67,263340,111,144430,65
2025-11-11,火,立冬,23,OFF SEASON,1.33,3.0,2.0,3.0,2.67,2.53,2.81,2.67,390000,74,72160,62
2025-11-12,水,立冬,23,OFF SEASON,1.33,3.0,2.0,3.0,2.67,2.53,2.81,2.67,162140,63,220070,80
2025-11-13,木,立冬,23,OFF SEASON,1.33,3.0,3.0,3.0,3.0,2.53,2.81,2.78,33880,57,105600,59
2025-11-14,金,立冬,23,OFF SEASON,1.33,3.0,4.0,3.0,3.33,2.53,2.81,2.89,139920,127,129470,134
2025-11-15,土,立冬,23,OFF SEASON,1.33,3.0,5.0,3.0,3.67,2.53,2.81,3.0,341315,102,160490,97
2025-11-16,日,立冬,23,OFF SEASON,1.33,3.0,4.0,3.0,3.33,2.53,2.81,2.89,170995,104,240020,72
2025-11-17,月,立冬,23,OFF SEASON,1.33,3.0,2.0,3.0,2.67,2.53,2.81,2.67,203885,88,386520,78
2025-11-18,火,立冬,23,OFF SEASON,1.33,3.0,2.0,3.0,2.67,2.53,2.81,2.67,231080,68,117700,77
2025-11-19,水,立冬,23,OFF SEASON,1.33,3.0,2.0,3.0,2.67,2.53,2.81,2.67,191105,71,64350,65
2025-11-20,木,立冬,23,OFF SEASON,1.33,3.0,3.0,3.0,3.0,2.53,2.81,2.78,69740,58,166760,58
2025-11-21,金,立冬,23,OFF SEASON,1.33,3.0,4.0,3.0,3.33,2.53,2.81,2.89,134695,130,301560,173
2025-11-22,土,小雪,19,LOW SEASON,2.0,3.0,5.0,3.0,3.67,2.53,2.81,3.0,281040,100,504380,150
2025-11-23,日,小雪,19,LOW SEASON,2.0,3.0,4.0,3.0,3.33,2.53,2.81,2.89,194003,93,506990,169
2025-11-24,月,小雪,19,LOW SEASON,2.0,3.0,2.0,3.0,2.67,2.53,2.81,2.67,264763,84,318170,112
2025-11-25,火,小雪,19,LOW SEASON,2.0,3.0,2.0,3.0,2.67,2.53,2.81,2.67,193286,71,466320,86
2025-11-26,水,小雪,19,LOW SEASON,2.0,3.0,2.0,3.0,2.67,2.53,2.81,2.67,148853,69,188730,92
2025-11-27,木,小雪,19,LOW SEASON,2.0,3.0,3.0,3.0,3.0,2.53,2.81,2.78,102080,58,54010,63
2025-11-28,金,小雪,19,LOW SEASON,2.0,3.0,4.0,3.0,3.33,2.53,2.81,2.89,190316,144,176600,132
2025-11-29,土,小雪,19,LOW SEASON,2.0,3.0,5.0,3.0,3.67,2.53,2.81,3.0,336875,113,406670,138
2025-11-30,日,小雪,19,LOW SEASON,2.0,3.0,4.0,3.0,3.33,2.53,2.81,2.89,272250,112,111980,95
2025-12-01,月,小雪,19,LOW SEASON,2.0,5.0,2.0,5.0,4.0,5.0,4.84,4.61,0,0,329660,61
2025-12-02,火,小雪,19,LOW SEASON,2.0,5.0,2.0,5.0,4.0,5.0,4.84,4.61,0,0,331100,72
2025-12-03,水,小雪,19,LOW SEASON,2.0,5.0,2.0,5.0,4.0,5.0,4.84,4.61,0,0,152570,73
2025-12-04,木,小雪,19,LOW SEASON,2.0,5.0,3.0,5.0,4.33,5.0,4.84,4.72,0,0,75960,70
2025-12-05,金,小雪,19,LOW SEASON,2.0,5.0,4.0,5.0,4.67,5.0,4.84,4.84,0,0,511550,146
2025-12-06,土,小雪,19,LOW SEASON,2.0,5.0,5.0,5.0,5.0,5.0,4.84,4.95,0,0,241780,132
2025-12-07,日,大雪,6,HIGH SEASON,4.17,5.0,4.0,5.0,4.67,5.0,4.84,4.84,0,0,223520,104
2025-12-08,月,大雪,6,HIGH SEASON,4.17,5.0,2.0,5.0,4.0,5.0,4.84,4.61,329660,61,525470,75
2025-12-09,火,大雪,6,HIGH SEASON,4.17,5.0,2.0,5.0,4.0,5.0,4.84,4.61,331100,72,303050,83
2025-12-10,水,大雪,6,HIGH SEASON,4.17,5.0,2.0,5.0,4.0,5.0,4.84,4.61,152570,73,126610,91
2025-12-11,木,大雪,6,HIGH SEASON,4.17,5.0,3.0,5.0,4.33,5.0,4.84,4.72,75960,70,66110,61
2025-12-12,金,大雪,6,HIGH SEASON,4.17,5.0,4.0,5.0,4.67,5.0,4.84,4.84,511550,146,437250,190
2025-12-13,土,大雪,6,HIGH SEASON,4.17,5.0,5.0,5.0,5.0,5.0,4.84,4.95,241780,132,575520,170
2025-12-14,日,大雪,6,HIGH SEASON,4.17,5.0,4.0,5.0,4.67,5.0,4.84,4.84,223520,104,364100,108
2025-12-15,月,大雪,6,HIGH SEASON,4.17,5.0,2.0,5.0,4.0,5.0,4.84,4.61,427565,68,299790,75
2025-12-16,火,大雪,6,HIGH SEASON,4.17,5.0,2.0,5.0,4.0,5.0,4.84,4.61,317075,77,251570,93
2025-12-17,水,大雪,6,HIGH SEASON,4.17,5.0,2.0,5.0,4.0,5.0,4.84,4.61,139590,82,303420,116
2025-12-18,木,大雪,6,HIGH SEASON,4.17,5.0,3.0,5.0,4.33,5.0,4.84,4.72,71035,65,278560,91
2025-12-19,金,大雪,6,HIGH SEASON,4.17,5.0,4.0,5.0,4.67,5.0,4.84,4.84,474400,168,549010,164
2025-12-20,土,大雪,6,HIGH SEASON,4.17,5.0,5.0,5.0,5.0,5.0,4.84,4.95,408650,151,670560,137
2025-12-21,日,大雪,6,HIGH SEASON,4.17,5.0,4.0,5.0,4.67,5.0,4.84,4.84,293810,106,737660,141
2025-12-22,月,冬至,3,TOP SEASON,4.67,5.0,2.0,5.0,4.0,5.0,4.84,4.61,384973,70,371650,84
2025-12-23,火,冬至,3,TOP SEASON,4.67,5.0,2.0,5.0,4.0,5.0,4.84,4.61,295240,82,540320,87
2025-12-24,水,冬至,3,TOP SEASON,4.67,5.0,2.0,5.0,4.0,5.0,4.84,4.61,194200,93,1157660,101
2025-12-25,木,冬至,3,TOP SEASON,4.67,5.0,3.0,5.0,4.33,5.0,4.84,4.72,140210,74,703450,115
2025-12-26,金,冬至,3,TOP SEASON,4.67,5.0,4.0,5.0,4.67,5.0,4.84,4.84,499270,166,697510,208
2025-12-27,土,冬至,3,TOP SEASON,4.67,5.0,5.0,5.0,5.0,5.0,4.84,4.95,495953,146,225830,160
2025-12-28,日,冬至,3,TOP SEASON,4.67,5.0,4.0,5.0,4.67,5.0,4.84,4.84,441760,117,332200,141
2025-12-29,月,冬至,3,TOP SEASON,4.67,5.0,2.0,5.0,4.0,5.0,4.84,4.61,381642,73,357940,135
2025-12-30,火,冬至,3,TOP SEASON,4.67,5.0,2.0,5.0,4.0,5.0,4.84,4.61,356510,83,497240,115
2025-12-31,水,冬至,3,TOP SEASON,4.67,5.0,2.0,5.0,4.0,5.0,4.84,4.61,435065,95,78320,74
2026-01-01,木,冬至,3,TOP SEASON,4.67,2.0,3.0,2.0,2.33,2.27,2.84,2.48,0,0,0,0
2026-01-02,金,冬至,3,TOP SEASON,4.67,2.0,4.0,2.0,2.67,2.27,2.84,2.59,0,0,195470,165
2026-01-03,土,冬至,3,TOP SEASON,4.67,2.0,5.0,2.0,3.0,2.27,2.84,2.7,0,0,337230,147
2026-01-04,日,冬至,3,TOP SEASON,4.67,2.0,4.0,2.0,2.67,2.27,2.84,2.59,0,0,257630,107
2026-01-05,月,小寒,22,OFF SEASON,1.5,2.0,2.0,2.0,2.0,2.27,2.84,2.37,0,0,93280,78
2026-01-06,火,小寒,22,OFF SEASON,1.5,2.0,2.0,2.0,2.0,2.27,2.84,2.37,0,0,90970,64
2026-01-07,水,小寒,22,OFF SEASON,1.5,2.0,2.0,2.0,2.0,2.27,2.84,2.37,0,0,56980,67
2026-01-08,木,小寒,22,OFF SEASON,1.5,2.0,3.0,2.0,2.33,2.27,2.84,2.48,0,0,154330,79
2026-01-09,金,小寒,22,OFF SEASON,1.5,2.0,4.0,2.0,2.67,2.27,2.84,2.59,195470,165,158510,137
2026-01-10,土,小寒,22,OFF SEASON,1.5,2.0,5.0,2.0,3.0,2.27,2.84,2.7,337230,147,243980,134
2026-01-11,日,小寒,22,OFF SEASON,1.5,2.0,4.0,2.0,2.67,2.27,2.84,2.59,257630,107,350980,105
2026-01-12,月,小寒,22,OFF SEASON,1.5,2.0,2.0,2.0,2.0,2.27,2.84,2.37,93280,78,59840,70
2026-01-13,火,小寒,22,OFF SEASON,1.5,2.0,2.0,2.0,2.0,2.27,2.84,2.37,90970,64,303930,68
2026-01-14,水,小寒,22,OFF SEASON,1.5,2.0,2.0,2.0,2.0,2.27,2.84,2.37,56980,67,49720,71
2026-01-15,木,小寒,22,OFF SEASON,1.5,2.0,3.0,2.0,2.33,2.27,2.84,2.48,154330,79,437470,74
2026-01-16,金,小寒,22,OFF SEASON,1.5,2.0,4.0,2.0,2.67,2.27,2.84,2.59,176990,151,136700,150
2026-01-17,土,小寒,22,OFF SEASON,1.5,2.0,5.0,2.0,3.0,2.27,2.84,2.7,290605,140,341270,108
2026-01-18,日,小寒,22,OFF SEASON,1.5,2.0,4.0,2.0,2.67,2.27,2.84,2.59,304305,106,236210,99
2026-01-19,月,小寒,22,OFF SEASON,1.5,2.0,2.0,2.0,2.0,2.27,2.84,2.37,76560,74,166580,61
2026-01-20,火,大寒,21,OFF SEASON,1.67,2.0,2.0,2.0,2.0,2.27,2.84,2.37,197450,66,423160,85
2026-01-21,水,大寒,21,OFF SEASON,1.67,2.0,2.0,2.0,2.0,2.27,2.84,2.37,53350,69,294470,83
2026-01-22,木,大寒,21,OFF SEASON,1.67,2.0,3.0,2.0,2.33,2.27,2.84,2.48,295900,76,205040,60
2026-01-23,金,大寒,21,OFF SEASON,1.67,2.0,4.0,2.0,2.67,2.27,2.84,2.59,163560,150,95480,122
2026-01-24,土,大寒,21,OFF SEASON,1.67,2.0,5.0,2.0,3.0,2.27,2.84,2.7,307493,129,414040,155
2026-01-25,日,大寒,21,OFF SEASON,1.67,2.0,4.0,2.0,2.67,2.27,2.84,2.59,281606,103,148830,88
2026-01-26,月,大寒,21,OFF SEASON,1.67,2.0,2.0,2.0,2.0,2.27,2.84,2.37,106566,69,138160,72
2026-01-27,火,大寒,21,OFF SEASON,1.67,2.0,2.0,2.0,2.0,2.27,2.84,2.37,272686,72,74140,79
2026-01-28,水,大寒,21,OFF SEASON,1.67,2.0,2.0,2.0,2.0,2.27,2.84,2.37,133723,73,358800,80
2026-01-29,木,大寒,21,OFF SEASON,1.67,2.0,3.0,2.0,2.33,2.27,2.84,2.48,265613,71,164560,67
2026-01-30,金,大寒,21,OFF SEASON,1.67,2.0,4.0,2.0,2.67,2.27,2.84,2.59,146540,143,153530,127
2026-01-31,土,大寒,21,OFF SEASON,1.67,2.0,5.0,2.0,3.0,2.27,2.84,2.7,334130,136,189310,109
2026-02-01,日,大寒,21,OFF SEASON,1.67,2.0,4.0,2.0,2.67,1.0,3.64,2.44,0,0,170580,87
2026-02-02,月,大寒,21,OFF SEASON,1.67,2.0,2.0,2.0,2.0,1.0,3.64,2.21,0,0,147730,73
2026-02-03,火,大寒,21,OFF SEASON,1.67,2.0,2.0,2.0,2.0,1.0,3.64,2.21,0,0,21340,71
2026-02-04,水,立春,12,FLOW SEASON,3.17,2.0,2.0,2.0,2.0,1.0,3.64,2.21,0,0,61160,112
2026-02-05,木,立春,12,FLOW SEASON,3.17,2.0,3.0,2.0,2.33,1.0,3.64,2.32,0,0,118050,99
2026-02-06,金,立春,12,FLOW SEASON,3.17,2.0,4.0,2.0,2.67,1.0,3.64,2.44,0,0,168960,135
2026-02-07,土,立春,12,FLOW SEASON,3.17,2.0,5.0,2.0,3.0,1.0,3.64,2.55,0,0,192580,142
2026-02-08,日,立春,12,FLOW SEASON,3.17,2.0,4.0,2.0,2.67,1.0,3.64,2.44,170580,87,88220,121
2026-02-09,月,立春,12,FLOW SEASON,3.17,2.0,2.0,2.0,2.0,1.0,3.64,2.21,147730,73,126830,83
2026-02-10,火,立春,12,FLOW SEASON,3.17,2.0,2.0,2.0,2.0,1.0,3.64,2.21,21340,71,145430,107
2026-02-11,水,立春,12,FLOW SEASON,3.17,2.0,2.0,2.0,2.0,1.0,3.64,2.21,61160,112,0,0
2026-02-12,木,立春,12,FLOW SEASON,3.17,2.0,3.0,2.0,2.33,1.0,3.64,2.32,118050,99,0,0
2026-02-13,金,立春,12,FLOW SEASON,3.17,2.0,4.0,2.0,2.67,1.0,3.64,2.44,168960,135,0,0
2026-02-14,土,立春,12,FLOW SEASON,3.17,2.0,5.0,2.0,3.0,1.0,3.64,2.55,192580,142,0,0
2026-02-15,日,立春,12,FLOW SEASON,3.17,2.0,4.0,2.0,2.67,1.0,3.64,2.44,129400,104,0,0
2026-02-16,月,立春,12,FLOW SEASON,3.17,2.0,2.0,2.0,2.0,1.0,3.64,2.21,137280,78,0,0
2026-02-17,火,立春,12,FLOW SEASON,3.17,2.0,2.0,2.0,2.0,1.0,3.64,2.21,83385,89,0,0
2026-02-18,水,雨水,20,LOW SEASON,1.83,2.0,2.0,2.0,2.0,1.0,3.64,2.21,61160,112,0,0
2026-02-19,木,雨水,20,LOW SEASON,1.83,2.0,3.0,2.0,2.33,1.0,3.64,2.32,118050,99,0,0
2026-02-20,金,雨水,20,LOW SEASON,1.83,2.0,4.0,2.0,2.67,1.0,3.64,2.44,168960,135,0,0
2026-02-21,土,雨水,20,LOW SEASON,1.83,2.0,5.0,2.0,3.0,1.0,3.64,2.55,192580,142,0,0
2026-02-22,日,雨水,20,LOW SEASON,1.83,2.0,4.0,2.0,2.67,1.0,3.64,2.44,129400,104,0,0
2026-02-23,月,雨水,20,LOW SEASON,1.83,2.0,2.0,2.0,2.0,1.0,3.64,2.21,137280,78,0,0
2026-02-24,火,雨水,20,LOW SEASON,1.83,2.0,2.0,2.0,2.0,1.0,3.64,2.21,83385,89,0,0
2026-02-25,水,雨水,20,LOW SEASON,1.83,2.0,2.0,2.0,2.0,1.0,3.64,2.21,61160,112,0,0
2026-02-26,木,雨水,20,LOW SEASON,1.83,2.0,3.0,2.0,2.33,1.0,3.64,2.32,118050,99,0,0
2026-02-27,金,雨水,20,LOW SEASON,1.83,2.0,4.0,2.0,2.67,1.0,3.64,2.44,168960,135,0,0
2026-02-28,土,雨水,20,LOW SEASON,1.83,2.0,5.0,2.0,3.0,1.0,3.64,2.55,192580,142,0,0
